[
  {
    "id": "IntegrityRating",
    "name": "Integrity Rating",
    "autoReleaseQuarantineEnabled": true
  },
  {
    "id": "License",
    "name": "License",
    "autoReleaseQuarantineEnabled": false
  },
  {
    "id": "License Threat Group",
    "name": "License Threat Group",
    "autoReleaseQuarantineEnabled": false
  },
  {
    "id": "SecurityVulnerabilitySeverity",
    "name": "Security Vulnerability Severity",
    "autoReleaseQuarantineEnabled": true
  },
  {
    "id": "SecurityVulnerabilityCategory",
    "name": "Security Vulnerability Category",
    "autoReleaseQuarantineEnabled": false
  }
]