{
  "total": 13,
  "page": 1,
  "pageSize": 10,
  "pageCount": 2,
  "results": [
    {
      "displayName": "nyc : 13.0.1",
      "repository": "npm-proxy",
      "quarantineDate": "2021-10-11T15:10:53.447+0000",
      "dateCleared": null,
      "quarantinePolicyViolations": [
        {
          "policyId": "94cef05187c94fd4b2dd17f0363823d4",
          "policyName": "Security-Critical",
          "policyViolationId": "4de5a943fc84431c8737b1573c0043c1",
          "threatLevel": 10,
          "constraintViolations": [
            {
              "constraintId": "95e5c13c187f4bc7a328fededf7327bd",
              "constraintName": "Critical risk CVSS score",
              "reasons": [
                {
                  "reason": "Found security vulnerability sonatype-2019-0206 with severity >= 9 (severity = 9.8)",
                  "reference": {
                    "type": "SECURITY_VULNERABILITY_REFID",
                    "value": "sonatype-2019-0206"
                  }
                }
              ]
            }
          ]
        },
        {
          "policyId": "94cef05187c94fd4b2dd17f0363823d4",
          "policyName": "Security-Critical",
          "policyViolationId": "8b8f64dfcf6a421cbd19414f5c871fc5",
          "threatLevel": 10,
          "constraintViolations": [
            {
              "constraintId": "95e5c13c187f4bc7a328fededf7327bd",
              "constraintName": "Critical risk CVSS score",
              "reasons": [
                {
                  "reason": "Found security vulnerability sonatype-2019-0253 with severity >= 9 (severity = 9.8)",
                  "reference": {
                    "type": "SECURITY_VULNERABILITY_REFID",
                    "value": "sonatype-2019-0253"
                  }
                }
              ]
            }
          ]
        },
        {
          "policyId": "94cef05187c94fd4b2dd17f0363823d4",
          "policyName": "Security-Critical",
          "policyViolationId": "b8d66b8b356b4048b6d02cd775cd6477",
          "threatLevel": 10,
          "constraintViolations": [
            {
              "constraintId": "95e5c13c187f4bc7a328fededf7327bd",
              "constraintName": "Critical risk CVSS score",
              "reasons": [
                {
                  "reason": "Found security vulnerability sonatype-2019-0394 with severity >= 9 (severity = 9.8)",
                  "reference": {
                    "type": "SECURITY_VULNERABILITY_REFID",
                    "value": "sonatype-2019-0394"
                  }
                }
              ]
            }
          ]
        },
        {
          "policyId": "97000b095c4a4ce2a2246f41d5b6aabf",
          "policyName": "Security-High",
          "policyViolationId": "42751892f8f84f3da369d17bc2aa3a0f",
          "threatLevel": 9,
          "constraintViolations": [
            {
              "constraintId": "01eccfbb132c461dbc383d001b07ccd4",
              "constraintName": "High risk CVSS score",
              "reasons": [
                {
                  "reason": "Found security vulnerability sonatype-2019-0058 with severity >= 7 (severity = 8.8)",
                  "reference": {
                    "type": "SECURITY_VULNERABILITY_REFID",
                    "value": "sonatype-2019-0058"
                  }
                },
                {
                  "reason": "Found security vulnerability sonatype-2019-0058 with severity < 9 (severity = 8.8)",
                  "reference": {
                    "type": "SECURITY_VULNERABILITY_REFID",
                    "value": "sonatype-2019-0058"
                  }
                }
              ]
            }
          ]
        },
        {
          "policyId": "97000b095c4a4ce2a2246f41d5b6aabf",
          "policyName": "Security-High",
          "policyViolationId": "0ec9ca2b6ec044299be32e3ef2fbe5a8",
          "threatLevel": 9,
          "constraintViolations": [
            {
              "constraintId": "01eccfbb132c461dbc383d001b07ccd4",
              "constraintName": "High risk CVSS score",
              "reasons": [
                {
                  "reason": "Found security vulnerability sonatype-2019-0462 with severity >= 7 (severity = 7.5)",
                  "reference": {
                    "type": "SECURITY_VULNERABILITY_REFID",
                    "value": "sonatype-2019-0462"
                  }
                },
                {
                  "reason": "Found security vulnerability sonatype-2019-0462 with severity < 9 (severity = 7.5)",
                  "reference": {
                    "type": "SECURITY_VULNERABILITY_REFID",
                    "value": "sonatype-2019-0462"
                  }
                }
              ]
            }
          ]
        },
        {
          "policyId": "97000b095c4a4ce2a2246f41d5b6aabf",
          "policyName": "Security-High",
          "policyViolationId": "3a7e5acdd84f4f1dba0e49ec5672d7ad",
          "threatLevel": 9,
          "constraintViolations": [
            {
              "constraintId": "01eccfbb132c461dbc383d001b07ccd4",
              "constraintName": "High risk CVSS score",
              "reasons": [
                {
                  "reason": "Found security vulnerability sonatype-2019-0496 with severity >= 7 (severity = 7.5)",
                  "reference": {
                    "type": "SECURITY_VULNERABILITY_REFID",
                    "value": "sonatype-2019-0496"
                  }
                },
                {
                  "reason": "Found security vulnerability sonatype-2019-0496 with severity < 9 (severity = 7.5)",
                  "reference": {
                    "type": "SECURITY_VULNERABILITY_REFID",
                    "value": "sonatype-2019-0496"
                  }
                }
              ]
            }
          ]
        },
        {
          "policyId": "97000b095c4a4ce2a2246f41d5b6aabf",
          "policyName": "Security-High",
          "policyViolationId": "bd6974e2b47c4471b9c70a7a99038be2",
          "threatLevel": 9,
          "constraintViolations": [
            {
              "constraintId": "01eccfbb132c461dbc383d001b07ccd4",
              "constraintName": "High risk CVSS score",
              "reasons": [
                {
                  "reason": "Found security vulnerability sonatype-2020-0293 with severity >= 7 (severity = 7.5)",
                  "reference": {
                    "type": "SECURITY_VULNERABILITY_REFID",
                    "value": "sonatype-2020-0293"
                  }
                },
                {
                  "reason": "Found security vulnerability sonatype-2020-0293 with severity < 9 (severity = 7.5)",
                  "reference": {
                    "type": "SECURITY_VULNERABILITY_REFID",
                    "value": "sonatype-2020-0293"
                  }
                }
              ]
            }
          ]
        },
        {
          "policyId": "97000b095c4a4ce2a2246f41d5b6aabf",
          "policyName": "Security-High",
          "policyViolationId": "e009c0c1e2bd4f21857be4121fa186ae",
          "threatLevel": 9,
          "constraintViolations": [
            {
              "constraintId": "01eccfbb132c461dbc383d001b07ccd4",
              "constraintName": "High risk CVSS score",
              "reasons": [
                {
                  "reason": "Found security vulnerability sonatype-2020-1040 with severity >= 7 (severity = 7.5)",
                  "reference": {
                    "type": "SECURITY_VULNERABILITY_REFID",
                    "value": "sonatype-2020-1040"
                  }
                },
                {
                  "reason": "Found security vulnerability sonatype-2020-1040 with severity < 9 (severity = 7.5)",
                  "reference": {
                    "type": "SECURITY_VULNERABILITY_REFID",
                    "value": "sonatype-2020-1040"
                  }
                }
              ]
            }
          ]
        },
        {
          "policyId": "97000b095c4a4ce2a2246f41d5b6aabf",
          "policyName": "Security-High",
          "policyViolationId": "dc50c467b1344c12b0b8d1a40a020044",
          "threatLevel": 9,
          "constraintViolations": [
            {
              "constraintId": "01eccfbb132c461dbc383d001b07ccd4",
              "constraintName": "High risk CVSS score",
              "reasons": [
                {
                  "reason": "Found security vulnerability sonatype-2021-0236 with severity >= 7 (severity = 8.8)",
                  "reference": {
                    "type": "SECURITY_VULNERABILITY_REFID",
                    "value": "sonatype-2021-0236"
                  }
                },
                {
                  "reason": "Found security vulnerability sonatype-2021-0236 with severity < 9 (severity = 8.8)",
                  "reference": {
                    "type": "SECURITY_VULNERABILITY_REFID",
                    "value": "sonatype-2021-0236"
                  }
                }
              ]
            }
          ]
        },
        {
          "policyId": "97000b095c4a4ce2a2246f41d5b6aabf",
          "policyName": "Security-High",
          "policyViolationId": "6682a2cd858441cfab867c56917be04e",
          "threatLevel": 9,
          "constraintViolations": [
            {
              "constraintId": "01eccfbb132c461dbc383d001b07ccd4",
              "constraintName": "High risk CVSS score",
              "reasons": [
                {
                  "reason": "Found security vulnerability sonatype-2021-0449 with severity >= 7 (severity = 8.8)",
                  "reference": {
                    "type": "SECURITY_VULNERABILITY_REFID",
                    "value": "sonatype-2021-0449"
                  }
                },
                {
                  "reason": "Found security vulnerability sonatype-2021-0449 with severity < 9 (severity = 8.8)",
                  "reference": {
                    "type": "SECURITY_VULNERABILITY_REFID",
                    "value": "sonatype-2021-0449"
                  }
                }
              ]
            }
          ]
        },
        {
          "policyId": "97000b095c4a4ce2a2246f41d5b6aabf",
          "policyName": "Security-High",
          "policyViolationId": "170b5d9c11e546d19391a9eed647319a",
          "threatLevel": 9,
          "constraintViolations": [
            {
              "constraintId": "01eccfbb132c461dbc383d001b07ccd4",
              "constraintName": "High risk CVSS score",
              "reasons": [
                {
                  "reason": "Found security vulnerability sonatype-2021-1169 with severity >= 7 (severity = 7.5)",
                  "reference": {
                    "type": "SECURITY_VULNERABILITY_REFID",
                    "value": "sonatype-2021-1169"
                  }
                },
                {
                  "reason": "Found security vulnerability sonatype-2021-1169 with severity < 9 (severity = 7.5)",
                  "reference": {
                    "type": "SECURITY_VULNERABILITY_REFID",
                    "value": "sonatype-2021-1169"
                  }
                }
              ]
            }
          ]
        }
      ],
      "componentIdentifier": {
        "format": "npm",
        "coordinates": {
          "packageId": "nyc",
          "version": "13.0.1"
        }
      },
      "pathname": "nyc/-/nyc-13.0.1.tgz",
      "hash": "b61857ed633c803353fc",
      "matchState": "exact",
      "repositoryId": "29a480b11d8b4c46bf268ea66efe91d0",
      "quarantined": true
    },
    {
      "displayName": "io.github.x-stream : mxparser : 1.2.2",
      "repository": "maven-central-fw",
      "quarantineDate": "2021-10-11T15:32:44.617+0000",
      "dateCleared": null,
      "quarantinePolicyViolations": [
        {
          "policyId": "49dbbf3fd3e0407a95110b4d48d975b6",
          "policyName": "License-Not-Provided",
          "policyViolationId": "950ec908e56b4d5f97974b445eeee876",
          "threatLevel": 9,
          "constraintViolations": [
            {
              "constraintId": "08c58c2803ab4a61b4647c6909b2eda2",
              "constraintName": "License-Not-Provided",
              "reasons": [
                {
                  "reason": "Found 'Not Provided' license",
                  "reference": null
                },
                {
                  "reason": "Did not find label 'Hide-DLL-in-Jar'",
                  "reference": null
                }
              ]
            }
          ]
        }
      ],
      "componentIdentifier": {
        "format": "maven",
        "coordinates": {
          "artifactId": "mxparser",
          "classifier": "",
          "extension": "jar",
          "groupId": "io.github.x-stream",
          "version": "1.2.2"
        }
      },
      "pathname": "io/github/x-stream/mxparser/1.2.2/mxparser-1.2.2.jar",
      "hash": "476fb3b3bb3716cad797",
      "matchState": "exact",
      "repositoryId": "232d8f9aa3d9455a8904d03ac5834eb7",
      "quarantined": true
    },
    {
      "displayName": "ch.qos.logback : logback-core : 1.2.3",
      "repository": "maven-central-fw",
      "quarantineDate": "2021-10-11T15:32:45.274+0000",
      "dateCleared": null,
      "quarantinePolicyViolations": [
        {
          "policyId": "97000b095c4a4ce2a2246f41d5b6aabf",
          "policyName": "Security-High",
          "policyViolationId": "4ac01b94e8fb46789302578cc733e6d2",
          "threatLevel": 9,
          "constraintViolations": [
            {
              "constraintId": "01eccfbb132c461dbc383d001b07ccd4",
              "constraintName": "High risk CVSS score",
              "reasons": [
                {
                  "reason": "Found security vulnerability sonatype-2021-1175 with severity >= 7 (severity = 8.6)",
                  "reference": {
                    "type": "SECURITY_VULNERABILITY_REFID",
                    "value": "sonatype-2021-1175"
                  }
                },
                {
                  "reason": "Found security vulnerability sonatype-2021-1175 with severity < 9 (severity = 8.6)",
                  "reference": {
                    "type": "SECURITY_VULNERABILITY_REFID",
                    "value": "sonatype-2021-1175"
                  }
                }
              ]
            }
          ]
        }
      ],
      "componentIdentifier": {
        "format": "maven",
        "coordinates": {
          "artifactId": "logback-core",
          "classifier": "",
          "extension": "jar",
          "groupId": "ch.qos.logback",
          "version": "1.2.3"
        }
      },
      "pathname": "ch/qos/logback/logback-core/1.2.3/logback-core-1.2.3.jar",
      "hash": "864344400c3d4d92dfeb",
      "matchState": "exact",
      "repositoryId": "232d8f9aa3d9455a8904d03ac5834eb7",
      "quarantined": true
    },
    {
      "displayName": "org.bouncycastle : bcprov-jdk15on : 1.56",
      "repository": "maven-central-fw",
      "quarantineDate": "2021-10-11T15:32:45.345+0000",
      "dateCleared": null,
      "quarantinePolicyViolations": [
        {
          "policyId": "97000b095c4a4ce2a2246f41d5b6aabf",
          "policyName": "Security-High",
          "policyViolationId": "931215e0487840f7b734896fdb26e21e",
          "threatLevel": 9,
          "constraintViolations": [
            {
              "constraintId": "01eccfbb132c461dbc383d001b07ccd4",
              "constraintName": "High risk CVSS score",
              "reasons": [
                {
                  "reason": "Found security vulnerability CVE-2018-1000180 with severity >= 7 (severity = 7.5)",
                  "reference": {
                    "type": "SECURITY_VULNERABILITY_REFID",
                    "value": "CVE-2018-1000180"
                  }
                },
                {
                  "reason": "Found security vulnerability CVE-2018-1000180 with severity < 9 (severity = 7.5)",
                  "reference": {
                    "type": "SECURITY_VULNERABILITY_REFID",
                    "value": "CVE-2018-1000180"
                  }
                }
              ]
            }
          ]
        }
      ],
      "componentIdentifier": {
        "format": "maven",
        "coordinates": {
          "artifactId": "bcprov-jdk15on",
          "classifier": "",
          "extension": "jar",
          "groupId": "org.bouncycastle",
          "version": "1.56"
        }
      },
      "pathname": "org/bouncycastle/bcprov-jdk15on/1.56/bcprov-jdk15on-1.56.jar",
      "hash": "a153c6f9744a3e9dd6fe",
      "matchState": "exact",
      "repositoryId": "232d8f9aa3d9455a8904d03ac5834eb7",
      "quarantined": true
    },
    {
      "displayName": "io.undertow : undertow-core : 2.0.28.Final",
      "repository": "maven-central-fw",
      "quarantineDate": "2021-10-11T15:32:45.745+0000",
      "dateCleared": null,
      "quarantinePolicyViolations": [
        {
          "policyId": "94cef05187c94fd4b2dd17f0363823d4",
          "policyName": "Security-Critical",
          "policyViolationId": "dde58b35f2e1470f91ae339f027064e4",
          "threatLevel": 10,
          "constraintViolations": [
            {
              "constraintId": "95e5c13c187f4bc7a328fededf7327bd",
              "constraintName": "Critical risk CVSS score",
              "reasons": [
                {
                  "reason": "Found security vulnerability CVE-2020-1745 with severity >= 9 (severity = 9.8)",
                  "reference": {
                    "type": "SECURITY_VULNERABILITY_REFID",
                    "value": "CVE-2020-1745"
                  }
                }
              ]
            }
          ]
        },
        {
          "policyId": "97000b095c4a4ce2a2246f41d5b6aabf",
          "policyName": "Security-High",
          "policyViolationId": "ea26014374ee440daeb14d8422b1a769",
          "threatLevel": 9,
          "constraintViolations": [
            {
              "constraintId": "01eccfbb132c461dbc383d001b07ccd4",
              "constraintName": "High risk CVSS score",
              "reasons": [
                {
                  "reason": "Found security vulnerability CVE-2019-14888 with severity >= 7 (severity = 7.5)",
                  "reference": {
                    "type": "SECURITY_VULNERABILITY_REFID",
                    "value": "CVE-2019-14888"
                  }
                },
                {
                  "reason": "Found security vulnerability CVE-2019-14888 with severity < 9 (severity = 7.5)",
                  "reference": {
                    "type": "SECURITY_VULNERABILITY_REFID",
                    "value": "CVE-2019-14888"
                  }
                }
              ]
            }
          ]
        },
        {
          "policyId": "97000b095c4a4ce2a2246f41d5b6aabf",
          "policyName": "Security-High",
          "policyViolationId": "49a90d4832ae48fd93fd3c413d3c6a33",
          "threatLevel": 9,
          "constraintViolations": [
            {
              "constraintId": "01eccfbb132c461dbc383d001b07ccd4",
              "constraintName": "High risk CVSS score",
              "reasons": [
                {
                  "reason": "Found security vulnerability CVE-2020-10705 with severity >= 7 (severity = 7.5)",
                  "reference": {
                    "type": "SECURITY_VULNERABILITY_REFID",
                    "value": "CVE-2020-10705"
                  }
                },
                {
                  "reason": "Found security vulnerability CVE-2020-10705 with severity < 9 (severity = 7.5)",
                  "reference": {
                    "type": "SECURITY_VULNERABILITY_REFID",
                    "value": "CVE-2020-10705"
                  }
                }
              ]
            }
          ]
        },
        {
          "policyId": "97000b095c4a4ce2a2246f41d5b6aabf",
          "policyName": "Security-High",
          "policyViolationId": "57fca98f80734d8087a3802d8f9dbf07",
          "threatLevel": 9,
          "constraintViolations": [
            {
              "constraintId": "01eccfbb132c461dbc383d001b07ccd4",
              "constraintName": "High risk CVSS score",
              "reasons": [
                {
                  "reason": "Found security vulnerability CVE-2020-1757 with severity >= 7 (severity = 8.1)",
                  "reference": {
                    "type": "SECURITY_VULNERABILITY_REFID",
                    "value": "CVE-2020-1757"
                  }
                },
                {
                  "reason": "Found security vulnerability CVE-2020-1757 with severity < 9 (severity = 8.1)",
                  "reference": {
                    "type": "SECURITY_VULNERABILITY_REFID",
                    "value": "CVE-2020-1757"
                  }
                }
              ]
            }
          ]
        }
      ],
      "componentIdentifier": {
        "format": "maven",
        "coordinates": {
          "artifactId": "undertow-core",
          "classifier": "",
          "extension": "jar",
          "groupId": "io.undertow",
          "version": "2.0.28.Final"
        }
      },
      "pathname": "io/undertow/undertow-core/2.0.28.Final/undertow-core-2.0.28.Final.jar",
      "hash": "688f7a1096534a9fba11",
      "matchState": "exact",
      "repositoryId": "232d8f9aa3d9455a8904d03ac5834eb7",
      "quarantined": true
    },
    {
      "displayName": "io.undertow : undertow-websockets-jsr : 2.0.28.Final",
      "repository": "maven-central-fw",
      "quarantineDate": "2021-10-11T15:32:46.189+0000",
      "dateCleared": null,
      "quarantinePolicyViolations": [
        {
          "policyId": "97000b095c4a4ce2a2246f41d5b6aabf",
          "policyName": "Security-High",
          "policyViolationId": "2ff7c257f3a04dd880291986e283a9de",
          "threatLevel": 9,
          "constraintViolations": [
            {
              "constraintId": "01eccfbb132c461dbc383d001b07ccd4",
              "constraintName": "High risk CVSS score",
              "reasons": [
                {
                  "reason": "Found security vulnerability CVE-2021-3690 with severity >= 7 (severity = 7.5)",
                  "reference": {
                    "type": "SECURITY_VULNERABILITY_REFID",
                    "value": "CVE-2021-3690"
                  }
                },
                {
                  "reason": "Found security vulnerability CVE-2021-3690 with severity < 9 (severity = 7.5)",
                  "reference": {
                    "type": "SECURITY_VULNERABILITY_REFID",
                    "value": "CVE-2021-3690"
                  }
                }
              ]
            }
          ]
        }
      ],
      "componentIdentifier": {
        "format": "maven",
        "coordinates": {
          "artifactId": "undertow-websockets-jsr",
          "classifier": "",
          "extension": "jar",
          "groupId": "io.undertow",
          "version": "2.0.28.Final"
        }
      },
      "pathname": "io/undertow/undertow-websockets-jsr/2.0.28.Final/undertow-websockets-jsr-2.0.28.Final.jar",
      "hash": "ec008be06442a3dc22ee",
      "matchState": "exact",
      "repositoryId": "232d8f9aa3d9455a8904d03ac5834eb7",
      "quarantined": true
    },
    {
      "displayName": "org.glassfish : jakarta.el : 3.0.3",
      "repository": "maven-central-fw",
      "quarantineDate": "2021-10-11T15:32:46.546+0000",
      "dateCleared": null,
      "quarantinePolicyViolations": [
        {
          "policyId": "97000b095c4a4ce2a2246f41d5b6aabf",
          "policyName": "Security-High",
          "policyViolationId": "67a152e0d57d4a2d8e7511c5397b94be",
          "threatLevel": 9,
          "constraintViolations": [
            {
              "constraintId": "01eccfbb132c461dbc383d001b07ccd4",
              "constraintName": "High risk CVSS score",
              "reasons": [
                {
                  "reason": "Found security vulnerability sonatype-2020-1438 with severity >= 7 (severity = 7.5)",
                  "reference": {
                    "type": "SECURITY_VULNERABILITY_REFID",
                    "value": "sonatype-2020-1438"
                  }
                },
                {
                  "reason": "Found security vulnerability sonatype-2020-1438 with severity < 9 (severity = 7.5)",
                  "reference": {
                    "type": "SECURITY_VULNERABILITY_REFID",
                    "value": "sonatype-2020-1438"
                  }
                }
              ]
            }
          ]
        }
      ],
      "componentIdentifier": {
        "format": "maven",
        "coordinates": {
          "artifactId": "jakarta.el",
          "classifier": "",
          "extension": "jar",
          "groupId": "org.glassfish",
          "version": "3.0.3"
        }
      },
      "pathname": "org/glassfish/jakarta.el/3.0.3/jakarta.el-3.0.3.jar",
      "hash": "dab46ee1ee23f7197c13",
      "matchState": "exact",
      "repositoryId": "232d8f9aa3d9455a8904d03ac5834eb7",
      "quarantined": true
    },
    {
      "displayName": "axis : axis : 1.2",
      "repository": "maven-central-fw",
      "quarantineDate": "2021-10-11T15:32:47.100+0000",
      "dateCleared": null,
      "quarantinePolicyViolations": [
        {
          "policyId": "97000b095c4a4ce2a2246f41d5b6aabf",
          "policyName": "Security-High",
          "policyViolationId": "145d4a54a25544b09b096186a76e754e",
          "threatLevel": 9,
          "constraintViolations": [
            {
              "constraintId": "01eccfbb132c461dbc383d001b07ccd4",
              "constraintName": "High risk CVSS score",
              "reasons": [
                {
                  "reason": "Found security vulnerability CVE-2019-0227 with severity >= 7 (severity = 7.5)",
                  "reference": {
                    "type": "SECURITY_VULNERABILITY_REFID",
                    "value": "CVE-2019-0227"
                  }
                },
                {
                  "reason": "Found security vulnerability CVE-2019-0227 with severity < 9 (severity = 7.5)",
                  "reference": {
                    "type": "SECURITY_VULNERABILITY_REFID",
                    "value": "CVE-2019-0227"
                  }
                }
              ]
            }
          ]
        }
      ],
      "componentIdentifier": {
        "format": "maven",
        "coordinates": {
          "artifactId": "axis",
          "classifier": "",
          "extension": "jar",
          "groupId": "axis",
          "version": "1.2"
        }
      },
      "pathname": "axis/axis/1.2/axis-1.2.jar",
      "hash": "892c772f7c486b3c09d2",
      "matchState": "exact",
      "repositoryId": "232d8f9aa3d9455a8904d03ac5834eb7",
      "quarantined": true
    },
    {
      "displayName": "org.springframework : spring-web : 5.2.4.RELEASE",
      "repository": "maven-central-fw",
      "quarantineDate": "2021-10-11T15:32:51.274+0000",
      "dateCleared": null,
      "quarantinePolicyViolations": [
        {
          "policyId": "94cef05187c94fd4b2dd17f0363823d4",
          "policyName": "Security-Critical",
          "policyViolationId": "086d2cf8295d4d1bb5da4775943843ad",
          "threatLevel": 10,
          "constraintViolations": [
            {
              "constraintId": "95e5c13c187f4bc7a328fededf7327bd",
              "constraintName": "Critical risk CVSS score",
              "reasons": [
                {
                  "reason": "Found security vulnerability CVE-2016-1000027 with severity >= 9 (severity = 9.8)",
                  "reference": {
                    "type": "SECURITY_VULNERABILITY_REFID",
                    "value": "CVE-2016-1000027"
                  }
                }
              ]
            }
          ]
        },
        {
          "policyId": "97000b095c4a4ce2a2246f41d5b6aabf",
          "policyName": "Security-High",
          "policyViolationId": "a8157961495845c3860f33d39d1093d2",
          "threatLevel": 9,
          "constraintViolations": [
            {
              "constraintId": "01eccfbb132c461dbc383d001b07ccd4",
              "constraintName": "High risk CVSS score",
              "reasons": [
                {
                  "reason": "Found security vulnerability CVE-2021-22118 with severity >= 7 (severity = 7.8)",
                  "reference": {
                    "type": "SECURITY_VULNERABILITY_REFID",
                    "value": "CVE-2021-22118"
                  }
                },
                {
                  "reason": "Found security vulnerability CVE-2021-22118 with severity < 9 (severity = 7.8)",
                  "reference": {
                    "type": "SECURITY_VULNERABILITY_REFID",
                    "value": "CVE-2021-22118"
                  }
                }
              ]
            }
          ]
        }
      ],
      "componentIdentifier": {
        "format": "maven",
        "coordinates": {
          "artifactId": "spring-web",
          "classifier": "",
          "extension": "jar",
          "groupId": "org.springframework",
          "version": "5.2.4.RELEASE"
        }
      },
      "pathname": "org/springframework/spring-web/5.2.4.RELEASE/spring-web-5.2.4.RELEASE.jar",
      "hash": "69936c9f180a89ecaa0f",
      "matchState": "exact",
      "repositoryId": "232d8f9aa3d9455a8904d03ac5834eb7",
      "quarantined": true
    },
    {
      "displayName": "org.springframework.security : spring-security-web : 5.1.4.RELEASE",
      "repository": "maven-central-fw",
      "quarantineDate": "2021-10-11T15:32:51.488+0000",
      "dateCleared": null,
      "quarantinePolicyViolations": [
        {
          "policyId": "97000b095c4a4ce2a2246f41d5b6aabf",
          "policyName": "Security-High",
          "policyViolationId": "c0cab13e89f2452cbafcc855a4fadcb4",
          "threatLevel": 9,
          "constraintViolations": [
            {
              "constraintId": "01eccfbb132c461dbc383d001b07ccd4",
              "constraintName": "High risk CVSS score",
              "reasons": [
                {
                  "reason": "Found security vulnerability CVE-2021-22112 with severity >= 7 (severity = 8.8)",
                  "reference": {
                    "type": "SECURITY_VULNERABILITY_REFID",
                    "value": "CVE-2021-22112"
                  }
                },
                {
                  "reason": "Found security vulnerability CVE-2021-22112 with severity < 9 (severity = 8.8)",
                  "reference": {
                    "type": "SECURITY_VULNERABILITY_REFID",
                    "value": "CVE-2021-22112"
                  }
                }
              ]
            }
          ]
        }
      ],
      "componentIdentifier": {
        "format": "maven",
        "coordinates": {
          "artifactId": "spring-security-web",
          "classifier": "",
          "extension": "jar",
          "groupId": "org.springframework.security",
          "version": "5.1.4.RELEASE"
        }
      },
      "pathname": "org/springframework/security/spring-security-web/5.1.4.RELEASE/spring-security-web-5.1.4.RELEASE.jar",
      "hash": "fc4d93db3b56e8a6ca11",
      "matchState": "exact",
      "repositoryId": "232d8f9aa3d9455a8904d03ac5834eb7",
      "quarantined": true
    }
  ]
}