[{"stage": "build", "applicationId": "00b730bd86c243a49115ed7cf7c36a8c", "evaluationDate": "2020-06-19T20:50:14.067+01:00", "latestReportHtmlUrl": "ui/links/application/cx-bom-scan/latestReport/build", "reportHtmlUrl": "ui/links/application/cx-bom-scan/report/99c493fdce3d4ca5916ae2ce90c9ee50", "embeddableReportHtmlUrl": "ui/links/application/cx-bom-scan/report/99c493fdce3d4ca5916ae2ce90c9ee50/embeddable", "reportPdfUrl": "ui/links/application/cx-bom-scan/report/99c493fdce3d4ca5916ae2ce90c9ee50/pdf", "reportDataUrl": "api/v2/applications/cx-bom-scan/reports/99c493fdce3d4ca5916ae2ce90c9ee50/raw"}, {"stage": "build", "applicationId": "02e87da075864dcca69dd5d0432f9be6", "evaluationDate": "2020-11-09T09:38:24.855Z", "latestReportHtmlUrl": "ui/links/application/iqsm1/latestReport/build", "reportHtmlUrl": "ui/links/application/iqsm1/report/0568b9f2809f405396d8942cf437f34b", "embeddableReportHtmlUrl": "ui/links/application/iqsm1/report/0568b9f2809f405396d8942cf437f34b/embeddable", "reportPdfUrl": "ui/links/application/iqsm1/report/0568b9f2809f405396d8942cf437f34b/pdf", "reportDataUrl": "api/v2/applications/iqsm1/reports/0568b9f2809f405396d8942cf437f34b/raw"}, {"stage": "build", "applicationId": "03bd129ca1ed4ae7bfe8e60d6c8b007d", "evaluationDate": "2020-07-13T16:10:14.231+01:00", "latestReportHtmlUrl": "ui/links/application/smproto/latestReport/build", "reportHtmlUrl": "ui/links/application/smproto/report/7be2a966fc154e8f959075518a2337fc", "embeddableReportHtmlUrl": "ui/links/application/smproto/report/7be2a966fc154e8f959075518a2337fc/embeddable", "reportPdfUrl": "ui/links/application/smproto/report/7be2a966fc154e8f959075518a2337fc/pdf", "reportDataUrl": "api/v2/applications/smproto/reports/7be2a966fc154e8f959075518a2337fc/raw"}, {"stage": "build", "applicationId": "06a83e5db3da41d881394c4492516d23", "evaluationDate": "2020-10-08T17:09:37.341+01:00", "latestReportHtmlUrl": "ui/links/application/ang9-as-bom/latestReport/build", "reportHtmlUrl": "ui/links/application/ang9-as-bom/report/d9b49448d57344beb660a118050d8cf1", "embeddableReportHtmlUrl": "ui/links/application/ang9-as-bom/report/d9b49448d57344beb660a118050d8cf1/embeddable", "reportPdfUrl": "ui/links/application/ang9-as-bom/report/d9b49448d57344beb660a118050d8cf1/pdf", "reportDataUrl": "api/v2/applications/ang9-as-bom/reports/d9b49448d57344beb660a118050d8cf1/raw"}, {"stage": "build", "applicationId": "09f9125e4652424ba296e2a68d3a40e2", "evaluationDate": "2020-10-09T13:59:04.311+01:00", "latestReportHtmlUrl": "ui/links/application/refnet/latestReport/build", "reportHtmlUrl": "ui/links/application/refnet/report/d08dde4835a94ed2b26b24c754094c7b", "embeddableReportHtmlUrl": "ui/links/application/refnet/report/d08dde4835a94ed2b26b24c754094c7b/embeddable", "reportPdfUrl": "ui/links/application/refnet/report/d08dde4835a94ed2b26b24c754094c7b/pdf", "reportDataUrl": "api/v2/applications/refnet/reports/d08dde4835a94ed2b26b24c754094c7b/raw"}, {"stage": "build", "applicationId": "0b2ce71858154cc7a0ec9dfeb7aaf2cd", "evaluationDate": "2020-10-21T08:35:18.069+01:00", "latestReportHtmlUrl": "ui/links/application/npm-demo/latestReport/build", "reportHtmlUrl": "ui/links/application/npm-demo/report/a071170e22664484be739698a61be097", "embeddableReportHtmlUrl": "ui/links/application/npm-demo/report/a071170e22664484be739698a61be097/embeddable", "reportPdfUrl": "ui/links/application/npm-demo/report/a071170e22664484be739698a61be097/pdf", "reportDataUrl": "api/v2/applications/npm-demo/reports/a071170e22664484be739698a61be097/raw"}, {"stage": "build", "applicationId": "0c22d7d500e242fe93b7d3696f9f562a", "evaluationDate": "2020-06-19T20:54:28.091+01:00", "latestReportHtmlUrl": "ui/links/application/smproto11/latestReport/build", "reportHtmlUrl": "ui/links/application/smproto11/report/e8bcd5dcdfba494b8e2a9a578173723f", "embeddableReportHtmlUrl": "ui/links/application/smproto11/report/e8bcd5dcdfba494b8e2a9a578173723f/embeddable", "reportPdfUrl": "ui/links/application/smproto11/report/e8bcd5dcdfba494b8e2a9a578173723f/pdf", "reportDataUrl": "api/v2/applications/smproto11/reports/e8bcd5dcdfba494b8e2a9a578173723f/raw"}, {"stage": "build", "applicationId": "0c662b722a874741bd8fb855802b13a7", "evaluationDate": "2020-06-19T20:53:53.028+01:00", "latestReportHtmlUrl": "ui/links/application/phpapp3/latestReport/build", "reportHtmlUrl": "ui/links/application/phpapp3/report/4d9260486a964a4d8de2fdf9e9ddc0dd", "embeddableReportHtmlUrl": "ui/links/application/phpapp3/report/4d9260486a964a4d8de2fdf9e9ddc0dd/embeddable", "reportPdfUrl": "ui/links/application/phpapp3/report/4d9260486a964a4d8de2fdf9e9ddc0dd/pdf", "reportDataUrl": "api/v2/applications/phpapp3/reports/4d9260486a964a4d8de2fdf9e9ddc0dd/raw"}, {"stage": "build", "applicationId": "0c98ff6a3f1048799fd6b577d9eef2e9", "evaluationDate": "2020-10-21T08:34:32.856+01:00", "latestReportHtmlUrl": "ui/links/application/java-demo/latestReport/build", "reportHtmlUrl": "ui/links/application/java-demo/report/f480670bb13642b9add8ed5c24323a36", "embeddableReportHtmlUrl": "ui/links/application/java-demo/report/f480670bb13642b9add8ed5c24323a36/embeddable", "reportPdfUrl": "ui/links/application/java-demo/report/f480670bb13642b9add8ed5c24323a36/pdf", "reportDataUrl": "api/v2/applications/java-demo/reports/f480670bb13642b9add8ed5c24323a36/raw"}, {"stage": "build", "applicationId": "0dfb5eb6197c41489d61f1f2a56c95d4", "evaluationDate": "2020-08-05T10:01:03.882+01:00", "latestReportHtmlUrl": "ui/links/application/gcal-app-zip/latestReport/build", "reportHtmlUrl": "ui/links/application/gcal-app-zip/report/9709f711fdea47a190645ef8123c7c33", "embeddableReportHtmlUrl": "ui/links/application/gcal-app-zip/report/9709f711fdea47a190645ef8123c7c33/embeddable", "reportPdfUrl": "ui/links/application/gcal-app-zip/report/9709f711fdea47a190645ef8123c7c33/pdf", "reportDataUrl": "api/v2/applications/gcal-app-zip/reports/9709f711fdea47a190645ef8123c7c33/raw"}, {"stage": "build", "applicationId": "0e40041704104dd38bcddb1827c8e49a", "evaluationDate": "2020-06-24T12:27:07.511+01:00", "latestReportHtmlUrl": "ui/links/application/md5app-ans/latestReport/build", "reportHtmlUrl": "ui/links/application/md5app-ans/report/440ba5abf3bd49f2b57da405493231b7", "embeddableReportHtmlUrl": "ui/links/application/md5app-ans/report/440ba5abf3bd49f2b57da405493231b7/embeddable", "reportPdfUrl": "ui/links/application/md5app-ans/report/440ba5abf3bd49f2b57da405493231b7/pdf", "reportDataUrl": "api/v2/applications/md5app-ans/reports/440ba5abf3bd49f2b57da405493231b7/raw"}, {"stage": "build", "applicationId": "0f795b99fbf64d2ea351492fa5420737", "evaluationDate": "2020-06-19T20:53:59.317+01:00", "latestReportHtmlUrl": "ui/links/application/py2/latestReport/build", "reportHtmlUrl": "ui/links/application/py2/report/32baeaf7853e4550a8ca986ca83f3c41", "embeddableReportHtmlUrl": "ui/links/application/py2/report/32baeaf7853e4550a8ca986ca83f3c41/embeddable", "reportPdfUrl": "ui/links/application/py2/report/32baeaf7853e4550a8ca986ca83f3c41/pdf", "reportDataUrl": "api/v2/applications/py2/reports/32baeaf7853e4550a8ca986ca83f3c41/raw"}, {"stage": "build", "applicationId": "0faef1c5fad34de6b1757518fd8b6c7e", "evaluationDate": "2020-07-28T13:34:27.215+01:00", "latestReportHtmlUrl": "ui/links/application/snake22/latestReport/build", "reportHtmlUrl": "ui/links/application/snake22/report/258cc064d98f4cc08cfdaa073b63e5a1", "embeddableReportHtmlUrl": "ui/links/application/snake22/report/258cc064d98f4cc08cfdaa073b63e5a1/embeddable", "reportPdfUrl": "ui/links/application/snake22/report/258cc064d98f4cc08cfdaa073b63e5a1/pdf", "reportDataUrl": "api/v2/applications/snake22/reports/258cc064d98f4cc08cfdaa073b63e5a1/raw"}, {"stage": "build", "applicationId": "127f2353ef12406cabf49621bb47ff88", "evaluationDate": "2020-11-17T10:39:42.290Z", "latestReportHtmlUrl": "ui/links/application/wbg/latestReport/build", "reportHtmlUrl": "ui/links/application/wbg/report/dc3ed7016b354638981874bc13a79ac3", "embeddableReportHtmlUrl": "ui/links/application/wbg/report/dc3ed7016b354638981874bc13a79ac3/embeddable", "reportPdfUrl": "ui/links/application/wbg/report/dc3ed7016b354638981874bc13a79ac3/pdf", "reportDataUrl": "api/v2/applications/wbg/reports/dc3ed7016b354638981874bc13a79ac3/raw"}, {"stage": "build", "applicationId": "15c455a2cab44c98a0ce16dbe56d087d", "evaluationDate": "2020-06-19T20:50:19.123+01:00", "latestReportHtmlUrl": "ui/links/application/cxf-core/latestReport/build", "reportHtmlUrl": "ui/links/application/cxf-core/report/c7d489113be54b61b104a9de819b1b44", "embeddableReportHtmlUrl": "ui/links/application/cxf-core/report/c7d489113be54b61b104a9de819b1b44/embeddable", "reportPdfUrl": "ui/links/application/cxf-core/report/c7d489113be54b61b104a9de819b1b44/pdf", "reportDataUrl": "api/v2/applications/cxf-core/reports/c7d489113be54b61b104a9de819b1b44/raw"}, {"stage": "build", "applicationId": "178cf0b3f3a54179878325f28700df7e", "evaluationDate": "2020-09-22T16:26:10.206+01:00", "latestReportHtmlUrl": "ui/links/application/nugetpkg/latestReport/build", "reportHtmlUrl": "ui/links/application/nugetpkg/report/b363f313e0b54194bac8bb304f250c71", "embeddableReportHtmlUrl": "ui/links/application/nugetpkg/report/b363f313e0b54194bac8bb304f250c71/embeddable", "reportPdfUrl": "ui/links/application/nugetpkg/report/b363f313e0b54194bac8bb304f250c71/pdf", "reportDataUrl": "api/v2/applications/nugetpkg/reports/b363f313e0b54194bac8bb304f250c71/raw"}, {"stage": "build", "applicationId": "1925c3125e9e42589e2dfc82d0e1d3a8", "evaluationDate": "2020-09-30T18:25:54.843+01:00", "latestReportHtmlUrl": "ui/links/application/toh-bom2/latestReport/build", "reportHtmlUrl": "ui/links/application/toh-bom2/report/f7758da08770483b954d1021bcec9b88", "embeddableReportHtmlUrl": "ui/links/application/toh-bom2/report/f7758da08770483b954d1021bcec9b88/embeddable", "reportPdfUrl": "ui/links/application/toh-bom2/report/f7758da08770483b954d1021bcec9b88/pdf", "reportDataUrl": "api/v2/applications/toh-bom2/reports/f7758da08770483b954d1021bcec9b88/raw"}, {"stage": "build", "applicationId": "196d5ac1daa3455bb6dc2c9c698217cb", "evaluationDate": "2020-11-03T07:59:38.896Z", "latestReportHtmlUrl": "ui/links/application/webgoat-legacy/latestReport/build", "reportHtmlUrl": "ui/links/application/webgoat-legacy/report/8d3f0575defa4666a4450ab168ad8139", "embeddableReportHtmlUrl": "ui/links/application/webgoat-legacy/report/8d3f0575defa4666a4450ab168ad8139/embeddable", "reportPdfUrl": "ui/links/application/webgoat-legacy/report/8d3f0575defa4666a4450ab168ad8139/pdf", "reportDataUrl": "api/v2/applications/webgoat-legacy/reports/8d3f0575defa4666a4450ab168ad8139/raw"}, {"stage": "build", "applicationId": "1eab1ac9e7c14648b8c90d7127e76b67", "evaluationDate": "2020-10-02T13:33:24.299+01:00", "latestReportHtmlUrl": "ui/links/application/webgoat-docker/latestReport/build", "reportHtmlUrl": "ui/links/application/webgoat-docker/report/dd3e56f068da416699af113a2f35e185", "embeddableReportHtmlUrl": "ui/links/application/webgoat-docker/report/dd3e56f068da416699af113a2f35e185/embeddable", "reportPdfUrl": "ui/links/application/webgoat-docker/report/dd3e56f068da416699af113a2f35e185/pdf", "reportDataUrl": "api/v2/applications/webgoat-docker/reports/dd3e56f068da416699af113a2f35e185/raw"}, {"stage": "build", "applicationId": "225bb6d1446a4d65955a8506b669d174", "evaluationDate": "2020-07-10T11:05:39.860+01:00", "latestReportHtmlUrl": "ui/links/application/jstest/latestReport/build", "reportHtmlUrl": "ui/links/application/jstest/report/7732bd66d38c470e8c9679886394b096", "embeddableReportHtmlUrl": "ui/links/application/jstest/report/7732bd66d38c470e8c9679886394b096/embeddable", "reportPdfUrl": "ui/links/application/jstest/report/7732bd66d38c470e8c9679886394b096/pdf", "reportDataUrl": "api/v2/applications/jstest/reports/7732bd66d38c470e8c9679886394b096/raw"}, {"stage": "build", "applicationId": "23e3554e2eeb41ee8d60cb0b92d204d7", "evaluationDate": "2020-07-29T17:56:38.980+01:00", "latestReportHtmlUrl": "ui/links/application/snake-demo/latestReport/build", "reportHtmlUrl": "ui/links/application/snake-demo/report/85d5d2cd24e24167913aa7ea1f31d632", "embeddableReportHtmlUrl": "ui/links/application/snake-demo/report/85d5d2cd24e24167913aa7ea1f31d632/embeddable", "reportPdfUrl": "ui/links/application/snake-demo/report/85d5d2cd24e24167913aa7ea1f31d632/pdf", "reportDataUrl": "api/v2/applications/snake-demo/reports/85d5d2cd24e24167913aa7ea1f31d632/raw"}, {"stage": "build", "applicationId": "241078c3628d4aabbb24590bd60ae8b0", "evaluationDate": "2020-09-30T11:38:31.782+01:00", "latestReportHtmlUrl": "ui/links/application/toh-webpack/latestReport/build", "reportHtmlUrl": "ui/links/application/toh-webpack/report/f321165ca63f412c80fdc2c81326d5d5", "embeddableReportHtmlUrl": "ui/links/application/toh-webpack/report/f321165ca63f412c80fdc2c81326d5d5/embeddable", "reportPdfUrl": "ui/links/application/toh-webpack/report/f321165ca63f412c80fdc2c81326d5d5/pdf", "reportDataUrl": "api/v2/applications/toh-webpack/reports/f321165ca63f412c80fdc2c81326d5d5/raw"}, {"stage": "build", "applicationId": "269812f7618c4619b6e200e7eaf2ac8a", "evaluationDate": "2020-10-08T17:32:09.270+01:00", "latestReportHtmlUrl": "ui/links/application/ang9-auditjs-ci/latestReport/build", "reportHtmlUrl": "ui/links/application/ang9-auditjs-ci/report/21ee2ecae5df4a349f6a112798bc0f40", "embeddableReportHtmlUrl": "ui/links/application/ang9-auditjs-ci/report/21ee2ecae5df4a349f6a112798bc0f40/embeddable", "reportPdfUrl": "ui/links/application/ang9-auditjs-ci/report/21ee2ecae5df4a349f6a112798bc0f40/pdf", "reportDataUrl": "api/v2/applications/ang9-auditjs-ci/reports/21ee2ecae5df4a349f6a112798bc0f40/raw"}, {"stage": "build", "applicationId": "26ca03d952af4ec1b1251a46fb30e561", "evaluationDate": "2020-06-19T20:52:47.780+01:00", "latestReportHtmlUrl": "ui/links/application/snakeyaml19/latestReport/build", "reportHtmlUrl": "ui/links/application/snakeyaml19/report/0a4241af1ea14633bdfe93b14448e78b", "embeddableReportHtmlUrl": "ui/links/application/snakeyaml19/report/0a4241af1ea14633bdfe93b14448e78b/embeddable", "reportPdfUrl": "ui/links/application/snakeyaml19/report/0a4241af1ea14633bdfe93b14448e78b/pdf", "reportDataUrl": "api/v2/applications/snakeyaml19/reports/0a4241af1ea14633bdfe93b14448e78b/raw"}, {"stage": "build", "applicationId": "283769020098495f9ae8623095983e6f", "evaluationDate": "2020-10-27T17:08:29.241Z", "latestReportHtmlUrl": "ui/links/application/ang9-as/latestReport/build", "reportHtmlUrl": "ui/links/application/ang9-as/report/6f0d01bb1de5433bbf3de83fb93afcb0", "embeddableReportHtmlUrl": "ui/links/application/ang9-as/report/6f0d01bb1de5433bbf3de83fb93afcb0/embeddable", "reportPdfUrl": "ui/links/application/ang9-as/report/6f0d01bb1de5433bbf3de83fb93afcb0/pdf", "reportDataUrl": "api/v2/applications/ang9-as/reports/6f0d01bb1de5433bbf3de83fb93afcb0/raw"}, {"stage": "build", "applicationId": "292736a252c649e5a71f919a47437585", "evaluationDate": "2020-06-24T11:14:06.810+01:00", "latestReportHtmlUrl": "ui/links/application/md5app2/latestReport/build", "reportHtmlUrl": "ui/links/application/md5app2/report/1e6d00873a5a4be4811e2f5ed65fc34d", "embeddableReportHtmlUrl": "ui/links/application/md5app2/report/1e6d00873a5a4be4811e2f5ed65fc34d/embeddable", "reportPdfUrl": "ui/links/application/md5app2/report/1e6d00873a5a4be4811e2f5ed65fc34d/pdf", "reportDataUrl": "api/v2/applications/md5app2/reports/1e6d00873a5a4be4811e2f5ed65fc34d/raw"}, {"stage": "release", "applicationId": "2a091dd22af542e3be716ae28d87ccf6", "evaluationDate": "2020-11-20T00:00:33.775Z", "latestReportHtmlUrl": "ui/links/application/GatekeeperPlugin/latestReport/release", "reportHtmlUrl": "ui/links/application/GatekeeperPlugin/report/429314fd5e6e457ea895c09502487134", "embeddableReportHtmlUrl": "ui/links/application/GatekeeperPlugin/report/429314fd5e6e457ea895c09502487134/embeddable", "reportPdfUrl": "ui/links/application/GatekeeperPlugin/report/429314fd5e6e457ea895c09502487134/pdf", "reportDataUrl": "api/v2/applications/GatekeeperPlugin/reports/429314fd5e6e457ea895c09502487134/raw"}, {"stage": "build", "applicationId": "2a6e0628cead4317a21c5d2c9f8c9c68", "evaluationDate": "2020-07-17T09:50:28.079+01:00", "latestReportHtmlUrl": "ui/links/application/nuget-bank/latestReport/build", "reportHtmlUrl": "ui/links/application/nuget-bank/report/499f8b7a00a94c32adacdace71be5d78", "embeddableReportHtmlUrl": "ui/links/application/nuget-bank/report/499f8b7a00a94c32adacdace71be5d78/embeddable", "reportPdfUrl": "ui/links/application/nuget-bank/report/499f8b7a00a94c32adacdace71be5d78/pdf", "reportDataUrl": "api/v2/applications/nuget-bank/reports/499f8b7a00a94c32adacdace71be5d78/raw"}, {"stage": "build", "applicationId": "2b0e1cd7332a4fd99927d6c536d64bd2", "evaluationDate": "2020-07-15T09:00:34.734+01:00", "latestReportHtmlUrl": "ui/links/application/ngc-dll/latestReport/build", "reportHtmlUrl": "ui/links/application/ngc-dll/report/b10dcad600bb420abf8855c0c4805f5c", "embeddableReportHtmlUrl": "ui/links/application/ngc-dll/report/b10dcad600bb420abf8855c0c4805f5c/embeddable", "reportPdfUrl": "ui/links/application/ngc-dll/report/b10dcad600bb420abf8855c0c4805f5c/pdf", "reportDataUrl": "api/v2/applications/ngc-dll/reports/b10dcad600bb420abf8855c0c4805f5c/raw"}, {"stage": "build", "applicationId": "2ba84609600649689725b3e87e659f59", "evaluationDate": "2020-09-21T13:21:38.503+01:00", "latestReportHtmlUrl": "ui/links/application/wgdemo/latestReport/build", "reportHtmlUrl": "ui/links/application/wgdemo/report/e06a167ea26a4fa3b4b5b1e1ffb59321", "embeddableReportHtmlUrl": "ui/links/application/wgdemo/report/e06a167ea26a4fa3b4b5b1e1ffb59321/embeddable", "reportPdfUrl": "ui/links/application/wgdemo/report/e06a167ea26a4fa3b4b5b1e1ffb59321/pdf", "reportDataUrl": "api/v2/applications/wgdemo/reports/e06a167ea26a4fa3b4b5b1e1ffb59321/raw"}, {"stage": "build", "applicationId": "2c18505a8f8b4e19993dbfb9790adacf", "evaluationDate": "2020-11-20T17:50:43.048Z", "latestReportHtmlUrl": "ui/links/application/demo-scan/latestReport/build", "reportHtmlUrl": "ui/links/application/demo-scan/report/802fce5d9af94d7d9a1fecd85715ffa6", "embeddableReportHtmlUrl": "ui/links/application/demo-scan/report/802fce5d9af94d7d9a1fecd85715ffa6/embeddable", "reportPdfUrl": "ui/links/application/demo-scan/report/802fce5d9af94d7d9a1fecd85715ffa6/pdf", "reportDataUrl": "api/v2/applications/demo-scan/reports/802fce5d9af94d7d9a1fecd85715ffa6/raw"}, {"stage": "build", "applicationId": "2c41ac1b12d34f5ea590eed83d255d5d", "evaluationDate": "2020-06-19T20:53:45.698+01:00", "latestReportHtmlUrl": "ui/links/application/php-app2/latestReport/build", "reportHtmlUrl": "ui/links/application/php-app2/report/c96f8913c97d4cf38c690f62cdec575c", "embeddableReportHtmlUrl": "ui/links/application/php-app2/report/c96f8913c97d4cf38c690f62cdec575c/embeddable", "reportPdfUrl": "ui/links/application/php-app2/report/c96f8913c97d4cf38c690f62cdec575c/pdf", "reportDataUrl": "api/v2/applications/php-app2/reports/c96f8913c97d4cf38c690f62cdec575c/raw"}, {"stage": "build", "applicationId": "2db21f1a86b54bc5ae51e36e75e1dec2", "evaluationDate": "2020-11-04T15:08:49.880Z", "latestReportHtmlUrl": "ui/links/application/webgoat6/latestReport/build", "reportHtmlUrl": "ui/links/application/webgoat6/report/dca2dd50fd064f82b041020211df7a7a", "embeddableReportHtmlUrl": "ui/links/application/webgoat6/report/dca2dd50fd064f82b041020211df7a7a/embeddable", "reportPdfUrl": "ui/links/application/webgoat6/report/dca2dd50fd064f82b041020211df7a7a/pdf", "reportDataUrl": "api/v2/applications/webgoat6/reports/dca2dd50fd064f82b041020211df7a7a/raw"}, {"stage": "build", "applicationId": "3281669fada6419eb8f35a00ced57052", "evaluationDate": "2020-10-27T17:09:36.465Z", "latestReportHtmlUrl": "ui/links/application/ckedit-std/latestReport/build", "reportHtmlUrl": "ui/links/application/ckedit-std/report/19d99811a38e423f92648a24bd0bf7e3", "embeddableReportHtmlUrl": "ui/links/application/ckedit-std/report/19d99811a38e423f92648a24bd0bf7e3/embeddable", "reportPdfUrl": "ui/links/application/ckedit-std/report/19d99811a38e423f92648a24bd0bf7e3/pdf", "reportDataUrl": "api/v2/applications/ckedit-std/reports/19d99811a38e423f92648a24bd0bf7e3/raw"}, {"stage": "build", "applicationId": "32f04024e9fd4e17bde5a64050437eb0", "evaluationDate": "2020-07-20T16:15:18.099+01:00", "latestReportHtmlUrl": "ui/links/application/ckeditor2/latestReport/build", "reportHtmlUrl": "ui/links/application/ckeditor2/report/699825da615f41fb85602627c50977e2", "embeddableReportHtmlUrl": "ui/links/application/ckeditor2/report/699825da615f41fb85602627c50977e2/embeddable", "reportPdfUrl": "ui/links/application/ckeditor2/report/699825da615f41fb85602627c50977e2/pdf", "reportDataUrl": "api/v2/applications/ckeditor2/reports/699825da615f41fb85602627c50977e2/raw"}, {"stage": "build", "applicationId": "3314df77857a41dd903c6b97f4704d69", "evaluationDate": "2020-10-28T12:56:33.923Z", "latestReportHtmlUrl": "ui/links/application/webgoat-bbc6/latestReport/build", "reportHtmlUrl": "ui/links/application/webgoat-bbc6/report/70d794ec5740452b9f9971f552acdaff", "embeddableReportHtmlUrl": "ui/links/application/webgoat-bbc6/report/70d794ec5740452b9f9971f552acdaff/embeddable", "reportPdfUrl": "ui/links/application/webgoat-bbc6/report/70d794ec5740452b9f9971f552acdaff/pdf", "reportDataUrl": "api/v2/applications/webgoat-bbc6/reports/70d794ec5740452b9f9971f552acdaff/raw"}, {"stage": "build", "applicationId": "36f542402aef43de865af50795e5c5e1", "evaluationDate": "2020-09-11T08:30:02.267+01:00", "latestReportHtmlUrl": "ui/links/application/gcalendar-std/latestReport/build", "reportHtmlUrl": "ui/links/application/gcalendar-std/report/ad75dcb1f1a54c7589393d8006835f30", "embeddableReportHtmlUrl": "ui/links/application/gcalendar-std/report/ad75dcb1f1a54c7589393d8006835f30/embeddable", "reportPdfUrl": "ui/links/application/gcalendar-std/report/ad75dcb1f1a54c7589393d8006835f30/pdf", "reportDataUrl": "api/v2/applications/gcalendar-std/reports/ad75dcb1f1a54c7589393d8006835f30/raw"}, {"stage": "build", "applicationId": "397b8befcb4249c2aec8522134069fce", "evaluationDate": "2020-05-19T19:35:42.042+01:00", "latestReportHtmlUrl": "ui/links/application/smproto3/latestReport/build", "reportHtmlUrl": "ui/links/application/smproto3/report/c3d547a7aaa94d5481ba1383ff4ad44a", "embeddableReportHtmlUrl": "ui/links/application/smproto3/report/c3d547a7aaa94d5481ba1383ff4ad44a/embeddable", "reportPdfUrl": "ui/links/application/smproto3/report/c3d547a7aaa94d5481ba1383ff4ad44a/pdf", "reportDataUrl": "api/v2/applications/smproto3/reports/c3d547a7aaa94d5481ba1383ff4ad44a/raw"}, {"stage": "build", "applicationId": "3e16d93a5e874ee3ab6fcd60a056d4a3", "evaluationDate": "2020-07-01T22:19:51.017+01:00", "latestReportHtmlUrl": "ui/links/application/rusta-app/latestReport/build", "reportHtmlUrl": "ui/links/application/rusta-app/report/72011ac21457465e81aad66f3877933d", "embeddableReportHtmlUrl": "ui/links/application/rusta-app/report/72011ac21457465e81aad66f3877933d/embeddable", "reportPdfUrl": "ui/links/application/rusta-app/report/72011ac21457465e81aad66f3877933d/pdf", "reportDataUrl": "api/v2/applications/rusta-app/reports/72011ac21457465e81aad66f3877933d/raw"}, {"stage": "build", "applicationId": "3f360e8303db42d58c29bfc23ab693f9", "evaluationDate": "2020-10-05T15:23:01.323+01:00", "latestReportHtmlUrl": "ui/links/application/sm-docker/latestReport/build", "reportHtmlUrl": "ui/links/application/sm-docker/report/bd278c1788904521a0d3f40178809480", "embeddableReportHtmlUrl": "ui/links/application/sm-docker/report/bd278c1788904521a0d3f40178809480/embeddable", "reportPdfUrl": "ui/links/application/sm-docker/report/bd278c1788904521a0d3f40178809480/pdf", "reportDataUrl": "api/v2/applications/sm-docker/reports/bd278c1788904521a0d3f40178809480/raw"}, {"stage": "build", "applicationId": "400463b3d1094abc80b1aa08dd99308e", "evaluationDate": "2020-08-04T17:47:33.359+01:00", "latestReportHtmlUrl": "ui/links/application/pyasn1-2/latestReport/build", "reportHtmlUrl": "ui/links/application/pyasn1-2/report/030e8d8f1a934b8ea40df4038cc6a8bf", "embeddableReportHtmlUrl": "ui/links/application/pyasn1-2/report/030e8d8f1a934b8ea40df4038cc6a8bf/embeddable", "reportPdfUrl": "ui/links/application/pyasn1-2/report/030e8d8f1a934b8ea40df4038cc6a8bf/pdf", "reportDataUrl": "api/v2/applications/pyasn1-2/reports/030e8d8f1a934b8ea40df4038cc6a8bf/raw"}, {"stage": "build", "applicationId": "413fd6160a8146eca3dd154be9e49f0b", "evaluationDate": "2020-07-14T17:40:47.852+01:00", "latestReportHtmlUrl": "ui/links/application/md5test/latestReport/build", "reportHtmlUrl": "ui/links/application/md5test/report/ce4e35b147ac44279dd1da0bc6746e37", "embeddableReportHtmlUrl": "ui/links/application/md5test/report/ce4e35b147ac44279dd1da0bc6746e37/embeddable", "reportPdfUrl": "ui/links/application/md5test/report/ce4e35b147ac44279dd1da0bc6746e37/pdf", "reportDataUrl": "api/v2/applications/md5test/reports/ce4e35b147ac44279dd1da0bc6746e37/raw"}, {"stage": "build", "applicationId": "41ef06818db84c2c923ea3234c4567d2", "evaluationDate": "2020-10-03T10:44:55.814+01:00", "latestReportHtmlUrl": "ui/links/application/gcal-app/latestReport/build", "reportHtmlUrl": "ui/links/application/gcal-app/report/4f3113cc61774e88a762a257df0e3d09", "embeddableReportHtmlUrl": "ui/links/application/gcal-app/report/4f3113cc61774e88a762a257df0e3d09/embeddable", "reportPdfUrl": "ui/links/application/gcal-app/report/4f3113cc61774e88a762a257df0e3d09/pdf", "reportDataUrl": "api/v2/applications/gcal-app/reports/4f3113cc61774e88a762a257df0e3d09/raw"}, {"stage": "build", "applicationId": "4c7fa18275704be1b1aa0cc55fdf46ce", "evaluationDate": "2020-06-19T20:55:17.077+01:00", "latestReportHtmlUrl": "ui/links/application/smproto13/latestReport/build", "reportHtmlUrl": "ui/links/application/smproto13/report/8fe535bec5bc4ef48e459940c007b62f", "embeddableReportHtmlUrl": "ui/links/application/smproto13/report/8fe535bec5bc4ef48e459940c007b62f/embeddable", "reportPdfUrl": "ui/links/application/smproto13/report/8fe535bec5bc4ef48e459940c007b62f/pdf", "reportDataUrl": "api/v2/applications/smproto13/reports/8fe535bec5bc4ef48e459940c007b62f/raw"}, {"stage": "build", "applicationId": "514d6296533446ad94e939c79093d0ce", "evaluationDate": "2020-04-22T20:16:43.548+01:00", "latestReportHtmlUrl": "ui/links/application/nuget-core/latestReport/build", "reportHtmlUrl": "ui/links/application/nuget-core/report/45f3abca97f14d9182a451c7018a42b1", "embeddableReportHtmlUrl": "ui/links/application/nuget-core/report/45f3abca97f14d9182a451c7018a42b1/embeddable", "reportPdfUrl": "ui/links/application/nuget-core/report/45f3abca97f14d9182a451c7018a42b1/pdf", "reportDataUrl": "api/v2/applications/nuget-core/reports/45f3abca97f14d9182a451c7018a42b1/raw"}, {"stage": "build", "applicationId": "51884756c5c340f181c1f792d6b3783f", "evaluationDate": "2020-09-21T13:22:40.544+01:00", "latestReportHtmlUrl": "ui/links/application/conan-demo/latestReport/build", "reportHtmlUrl": "ui/links/application/conan-demo/report/c29392e5d125483b941d9b301c07692b", "embeddableReportHtmlUrl": "ui/links/application/conan-demo/report/c29392e5d125483b941d9b301c07692b/embeddable", "reportPdfUrl": "ui/links/application/conan-demo/report/c29392e5d125483b941d9b301c07692b/pdf", "reportDataUrl": "api/v2/applications/conan-demo/reports/c29392e5d125483b941d9b301c07692b/raw"}, {"stage": "stage-release", "applicationId": "524dade89e3e43bca924c526589f2a05", "evaluationDate": "2020-11-04T07:34:05.914Z", "latestReportHtmlUrl": "ui/links/application/webgoat-gl2/latestReport/stage-release", "reportHtmlUrl": "ui/links/application/webgoat-gl2/report/7021c4d314c44cf7880d4721209c3a9a", "embeddableReportHtmlUrl": "ui/links/application/webgoat-gl2/report/7021c4d314c44cf7880d4721209c3a9a/embeddable", "reportPdfUrl": "ui/links/application/webgoat-gl2/report/7021c4d314c44cf7880d4721209c3a9a/pdf", "reportDataUrl": "api/v2/applications/webgoat-gl2/reports/7021c4d314c44cf7880d4721209c3a9a/raw"}, {"stage": "build", "applicationId": "561cdbf46ccf4e068c11d445e82819fb", "evaluationDate": "2020-09-07T15:49:51.435+01:00", "latestReportHtmlUrl": "ui/links/application/r-lang-test/latestReport/build", "reportHtmlUrl": "ui/links/application/r-lang-test/report/a7ca6d48de334c84a99625b369c4db69", "embeddableReportHtmlUrl": "ui/links/application/r-lang-test/report/a7ca6d48de334c84a99625b369c4db69/embeddable", "reportPdfUrl": "ui/links/application/r-lang-test/report/a7ca6d48de334c84a99625b369c4db69/pdf", "reportDataUrl": "api/v2/applications/r-lang-test/reports/a7ca6d48de334c84a99625b369c4db69/raw"}, {"stage": "build", "applicationId": "56938dd030824924aa6042e72e1a9082", "evaluationDate": "2020-06-19T20:53:40.645+01:00", "latestReportHtmlUrl": "ui/links/application/php-app/latestReport/build", "reportHtmlUrl": "ui/links/application/php-app/report/0d7950b7ef4e43c696c21da2bef8620d", "embeddableReportHtmlUrl": "ui/links/application/php-app/report/0d7950b7ef4e43c696c21da2bef8620d/embeddable", "reportPdfUrl": "ui/links/application/php-app/report/0d7950b7ef4e43c696c21da2bef8620d/pdf", "reportDataUrl": "api/v2/applications/php-app/reports/0d7950b7ef4e43c696c21da2bef8620d/raw"}, {"stage": "build", "applicationId": "57e01f7b529346528bfcf6bc6597ab0c", "evaluationDate": "2020-11-04T07:37:21.337Z", "latestReportHtmlUrl": "ui/links/application/webgoat-gl3/latestReport/build", "reportHtmlUrl": "ui/links/application/webgoat-gl3/report/41329a3f0ad4425ba078de1631132627", "embeddableReportHtmlUrl": "ui/links/application/webgoat-gl3/report/41329a3f0ad4425ba078de1631132627/embeddable", "reportPdfUrl": "ui/links/application/webgoat-gl3/report/41329a3f0ad4425ba078de1631132627/pdf", "reportDataUrl": "api/v2/applications/webgoat-gl3/reports/41329a3f0ad4425ba078de1631132627/raw"}, {"stage": "build", "applicationId": "58af016a0ef8434f8a475b7757ffaaf8", "evaluationDate": "2020-07-26T20:00:25.700+01:00", "latestReportHtmlUrl": "ui/links/application/webgoat-bamboo/latestReport/build", "reportHtmlUrl": "ui/links/application/webgoat-bamboo/report/7653b577dd8f4da38159643578d74fe4", "embeddableReportHtmlUrl": "ui/links/application/webgoat-bamboo/report/7653b577dd8f4da38159643578d74fe4/embeddable", "reportPdfUrl": "ui/links/application/webgoat-bamboo/report/7653b577dd8f4da38159643578d74fe4/pdf", "reportDataUrl": "api/v2/applications/webgoat-bamboo/reports/7653b577dd8f4da38159643578d74fe4/raw"}, {"stage": "build", "applicationId": "5a5512fcc285491388131ea67e5d727c", "evaluationDate": "2020-10-05T17:41:37.387+01:00", "latestReportHtmlUrl": "ui/links/application/conantmp/latestReport/build", "reportHtmlUrl": "ui/links/application/conantmp/report/74abc2c0de90440e9b1e5ed29a695a6a", "embeddableReportHtmlUrl": "ui/links/application/conantmp/report/74abc2c0de90440e9b1e5ed29a695a6a/embeddable", "reportPdfUrl": "ui/links/application/conantmp/report/74abc2c0de90440e9b1e5ed29a695a6a/pdf", "reportDataUrl": "api/v2/applications/conantmp/reports/74abc2c0de90440e9b1e5ed29a695a6a/raw"}, {"stage": "build", "applicationId": "5adbf31d202348e9bb35568105e2297c", "evaluationDate": "2020-06-19T20:55:00.427+01:00", "latestReportHtmlUrl": "ui/links/application/smproto4/latestReport/build", "reportHtmlUrl": "ui/links/application/smproto4/report/5a0c48d6a8424bf7a858afa1cfd176e8", "embeddableReportHtmlUrl": "ui/links/application/smproto4/report/5a0c48d6a8424bf7a858afa1cfd176e8/embeddable", "reportPdfUrl": "ui/links/application/smproto4/report/5a0c48d6a8424bf7a858afa1cfd176e8/pdf", "reportDataUrl": "api/v2/applications/smproto4/reports/5a0c48d6a8424bf7a858afa1cfd176e8/raw"}, {"stage": "build", "applicationId": "5e7367835f154230a59649b893325c9e", "evaluationDate": "2020-06-19T20:53:31.048+01:00", "latestReportHtmlUrl": "ui/links/application/smproto6/latestReport/build", "reportHtmlUrl": "ui/links/application/smproto6/report/5e58b51a73be47988945989ebea7311a", "embeddableReportHtmlUrl": "ui/links/application/smproto6/report/5e58b51a73be47988945989ebea7311a/embeddable", "reportPdfUrl": "ui/links/application/smproto6/report/5e58b51a73be47988945989ebea7311a/pdf", "reportDataUrl": "api/v2/applications/smproto6/reports/5e58b51a73be47988945989ebea7311a/raw"}, {"stage": "build", "applicationId": "612152f72d4b424a91c1989426f16292", "evaluationDate": "2020-09-30T18:20:09.793+01:00", "latestReportHtmlUrl": "ui/links/application/toh-bom/latestReport/build", "reportHtmlUrl": "ui/links/application/toh-bom/report/e1e121edd6f147c2ae9ea139d2c7078f", "embeddableReportHtmlUrl": "ui/links/application/toh-bom/report/e1e121edd6f147c2ae9ea139d2c7078f/embeddable", "reportPdfUrl": "ui/links/application/toh-bom/report/e1e121edd6f147c2ae9ea139d2c7078f/pdf", "reportDataUrl": "api/v2/applications/toh-bom/reports/e1e121edd6f147c2ae9ea139d2c7078f/raw"}, {"stage": "build", "applicationId": "63023170c49b4ad8b4a9918f062a99f6", "evaluationDate": "2020-06-24T10:37:35.879+01:00", "latestReportHtmlUrl": "ui/links/application/testconan/latestReport/build", "reportHtmlUrl": "ui/links/application/testconan/report/6ffed29dae214235b2c6aa0ecc568cc4", "embeddableReportHtmlUrl": "ui/links/application/testconan/report/6ffed29dae214235b2c6aa0ecc568cc4/embeddable", "reportPdfUrl": "ui/links/application/testconan/report/6ffed29dae214235b2c6aa0ecc568cc4/pdf", "reportDataUrl": "api/v2/applications/testconan/reports/6ffed29dae214235b2c6aa0ecc568cc4/raw"}, {"stage": "build", "applicationId": "63716745601f473795238315894d94e6", "evaluationDate": "2020-07-13T16:02:05.208+01:00", "latestReportHtmlUrl": "ui/links/application/webgoaty/latestReport/build", "reportHtmlUrl": "ui/links/application/webgoaty/report/fa1d9cbbb5a9417c96f3475472198ec4", "embeddableReportHtmlUrl": "ui/links/application/webgoaty/report/fa1d9cbbb5a9417c96f3475472198ec4/embeddable", "reportPdfUrl": "ui/links/application/webgoaty/report/fa1d9cbbb5a9417c96f3475472198ec4/pdf", "reportDataUrl": "api/v2/applications/webgoaty/reports/fa1d9cbbb5a9417c96f3475472198ec4/raw"}, {"stage": "build", "applicationId": "64046210564c47aba49c52a37076382d", "evaluationDate": "2020-07-21T19:39:53.113+01:00", "latestReportHtmlUrl": "ui/links/application/nuget-cx-2/latestReport/build", "reportHtmlUrl": "ui/links/application/nuget-cx-2/report/2081dcc6d79643e0ada31f7ad8dea79f", "embeddableReportHtmlUrl": "ui/links/application/nuget-cx-2/report/2081dcc6d79643e0ada31f7ad8dea79f/embeddable", "reportPdfUrl": "ui/links/application/nuget-cx-2/report/2081dcc6d79643e0ada31f7ad8dea79f/pdf", "reportDataUrl": "api/v2/applications/nuget-cx-2/reports/2081dcc6d79643e0ada31f7ad8dea79f/raw"}, {"stage": "build", "applicationId": "647c76176fc54de996f0fb34da9face6", "evaluationDate": "2020-11-04T07:23:43.361Z", "latestReportHtmlUrl": "ui/links/application/webgoat-gl1/latestReport/build", "reportHtmlUrl": "ui/links/application/webgoat-gl1/report/d2f4fc6903d14b599e04a5d74f65af66", "embeddableReportHtmlUrl": "ui/links/application/webgoat-gl1/report/d2f4fc6903d14b599e04a5d74f65af66/embeddable", "reportPdfUrl": "ui/links/application/webgoat-gl1/report/d2f4fc6903d14b599e04a5d74f65af66/pdf", "reportDataUrl": "api/v2/applications/webgoat-gl1/reports/d2f4fc6903d14b599e04a5d74f65af66/raw"}, {"stage": "build", "applicationId": "6513636ae3c34748aa721ba260904eed", "evaluationDate": "2020-07-28T13:28:11.333+01:00", "latestReportHtmlUrl": "ui/links/application/snake20/latestReport/build", "reportHtmlUrl": "ui/links/application/snake20/report/e0abcaeb43fc4ca486b39d233ce2e39c", "embeddableReportHtmlUrl": "ui/links/application/snake20/report/e0abcaeb43fc4ca486b39d233ce2e39c/embeddable", "reportPdfUrl": "ui/links/application/snake20/report/e0abcaeb43fc4ca486b39d233ce2e39c/pdf", "reportDataUrl": "api/v2/applications/snake20/reports/e0abcaeb43fc4ca486b39d233ce2e39c/raw"}, {"stage": "build", "applicationId": "663a3b68297241edbe18b5857da92862", "evaluationDate": "2020-09-30T11:44:10.763+01:00", "latestReportHtmlUrl": "ui/links/application/toh-node-mods/latestReport/build", "reportHtmlUrl": "ui/links/application/toh-node-mods/report/ec0296f17dbd4c1cb4b8a3d6e9a5bad0", "embeddableReportHtmlUrl": "ui/links/application/toh-node-mods/report/ec0296f17dbd4c1cb4b8a3d6e9a5bad0/embeddable", "reportPdfUrl": "ui/links/application/toh-node-mods/report/ec0296f17dbd4c1cb4b8a3d6e9a5bad0/pdf", "reportDataUrl": "api/v2/applications/toh-node-mods/reports/ec0296f17dbd4c1cb4b8a3d6e9a5bad0/raw"}, {"stage": "build", "applicationId": "665378efdb6b457aae93da5010fe85bf", "evaluationDate": "2020-09-22T15:42:03.437+01:00", "latestReportHtmlUrl": "ui/links/application/jansi-dll/latestReport/build", "reportHtmlUrl": "ui/links/application/jansi-dll/report/e50d383363684e57809a72ea2c4b0815", "embeddableReportHtmlUrl": "ui/links/application/jansi-dll/report/e50d383363684e57809a72ea2c4b0815/embeddable", "reportPdfUrl": "ui/links/application/jansi-dll/report/e50d383363684e57809a72ea2c4b0815/pdf", "reportDataUrl": "api/v2/applications/jansi-dll/reports/e50d383363684e57809a72ea2c4b0815/raw"}, {"stage": "build", "applicationId": "68508be017754464915edbefb604b0cb", "evaluationDate": "2020-10-08T13:30:45.736+01:00", "latestReportHtmlUrl": "ui/links/application/angular9-example-app/latestReport/build", "reportHtmlUrl": "ui/links/application/angular9-example-app/report/4d212037e0854222bf0a713acc962593", "embeddableReportHtmlUrl": "ui/links/application/angular9-example-app/report/4d212037e0854222bf0a713acc962593/embeddable", "reportPdfUrl": "ui/links/application/angular9-example-app/report/4d212037e0854222bf0a713acc962593/pdf", "reportDataUrl": "api/v2/applications/angular9-example-app/reports/4d212037e0854222bf0a713acc962593/raw"}, {"stage": "build", "applicationId": "69ac233f98594e7f8630f30c826bfab4", "evaluationDate": "2020-10-15T10:06:30.716+01:00", "latestReportHtmlUrl": "ui/links/application/webgoat-zip/latestReport/build", "reportHtmlUrl": "ui/links/application/webgoat-zip/report/546d1ffd559348e081a8be6a0e958dcc", "embeddableReportHtmlUrl": "ui/links/application/webgoat-zip/report/546d1ffd559348e081a8be6a0e958dcc/embeddable", "reportPdfUrl": "ui/links/application/webgoat-zip/report/546d1ffd559348e081a8be6a0e958dcc/pdf", "reportDataUrl": "api/v2/applications/webgoat-zip/reports/546d1ffd559348e081a8be6a0e958dcc/raw"}, {"stage": "build", "applicationId": "6a0663d8a92649b19dacd710353075a0", "evaluationDate": "2020-06-19T20:55:07.464+01:00", "latestReportHtmlUrl": "ui/links/application/smproto2/latestReport/build", "reportHtmlUrl": "ui/links/application/smproto2/report/948cdabe085c48a59b6b77c87bea653f", "embeddableReportHtmlUrl": "ui/links/application/smproto2/report/948cdabe085c48a59b6b77c87bea653f/embeddable", "reportPdfUrl": "ui/links/application/smproto2/report/948cdabe085c48a59b6b77c87bea653f/pdf", "reportDataUrl": "api/v2/applications/smproto2/reports/948cdabe085c48a59b6b77c87bea653f/raw"}, {"stage": "build", "applicationId": "6a648d275978462db182151011354660", "evaluationDate": "2020-10-12T15:17:08.031+01:00", "latestReportHtmlUrl": "ui/links/application/struts2/latestReport/build", "reportHtmlUrl": "ui/links/application/struts2/report/1d9103c4c09e42359f671263cb354a7d", "embeddableReportHtmlUrl": "ui/links/application/struts2/report/1d9103c4c09e42359f671263cb354a7d/embeddable", "reportPdfUrl": "ui/links/application/struts2/report/1d9103c4c09e42359f671263cb354a7d/pdf", "reportDataUrl": "api/v2/applications/struts2/reports/1d9103c4c09e42359f671263cb354a7d/raw"}, {"stage": "build", "applicationId": "6b15e80fa0a1471bab6d7e1afbc4151a", "evaluationDate": "2020-10-08T13:28:59.747+01:00", "latestReportHtmlUrl": "ui/links/application/angu2/latestReport/build", "reportHtmlUrl": "ui/links/application/angu2/report/1d1364f03ef14e3aa593572e1348e230", "embeddableReportHtmlUrl": "ui/links/application/angu2/report/1d1364f03ef14e3aa593572e1348e230/embeddable", "reportPdfUrl": "ui/links/application/angu2/report/1d1364f03ef14e3aa593572e1348e230/pdf", "reportDataUrl": "api/v2/applications/angu2/reports/1d1364f03ef14e3aa593572e1348e230/raw"}, {"stage": "develop", "applicationId": "6cd280f03d7d49f69cc7d76ddcc22492", "evaluationDate": "2020-07-29T14:49:49.835+01:00", "latestReportHtmlUrl": "ui/links/application/nancy-app/latestReport/develop", "reportHtmlUrl": "ui/links/application/nancy-app/report/df8eafca199f4e24bfcfb0e3c0432290", "embeddableReportHtmlUrl": "ui/links/application/nancy-app/report/df8eafca199f4e24bfcfb0e3c0432290/embeddable", "reportPdfUrl": "ui/links/application/nancy-app/report/df8eafca199f4e24bfcfb0e3c0432290/pdf", "reportDataUrl": "api/v2/applications/nancy-app/reports/df8eafca199f4e24bfcfb0e3c0432290/raw"}, {"stage": "build", "applicationId": "6da7bcd5a8f94a91a74fdd28cc936ea3", "evaluationDate": "2020-11-09T10:27:31.559Z", "latestReportHtmlUrl": "ui/links/application/iqsm2/latestReport/build", "reportHtmlUrl": "ui/links/application/iqsm2/report/07c0d7c91ef144b39b7ee7e79a0f2e07", "embeddableReportHtmlUrl": "ui/links/application/iqsm2/report/07c0d7c91ef144b39b7ee7e79a0f2e07/embeddable", "reportPdfUrl": "ui/links/application/iqsm2/report/07c0d7c91ef144b39b7ee7e79a0f2e07/pdf", "reportDataUrl": "api/v2/applications/iqsm2/reports/07c0d7c91ef144b39b7ee7e79a0f2e07/raw"}, {"stage": "build", "applicationId": "70de6339880643ba84eea46b626db550", "evaluationDate": "2020-06-19T20:52:22.859+01:00", "latestReportHtmlUrl": "ui/links/application/ui-app-scan/latestReport/build", "reportHtmlUrl": "ui/links/application/ui-app-scan/report/461f7b911b684db8a0309540ce48503a", "embeddableReportHtmlUrl": "ui/links/application/ui-app-scan/report/461f7b911b684db8a0309540ce48503a/embeddable", "reportPdfUrl": "ui/links/application/ui-app-scan/report/461f7b911b684db8a0309540ce48503a/pdf", "reportDataUrl": "api/v2/applications/ui-app-scan/reports/461f7b911b684db8a0309540ce48503a/raw"}, {"stage": "build", "applicationId": "713348545de64a5a9b8dac256dd730a8", "evaluationDate": "2020-08-05T10:05:24.638+01:00", "latestReportHtmlUrl": "ui/links/application/gcal-app-jar/latestReport/build", "reportHtmlUrl": "ui/links/application/gcal-app-jar/report/905d7e688e344c7faafc8d5cc297fdd5", "embeddableReportHtmlUrl": "ui/links/application/gcal-app-jar/report/905d7e688e344c7faafc8d5cc297fdd5/embeddable", "reportPdfUrl": "ui/links/application/gcal-app-jar/report/905d7e688e344c7faafc8d5cc297fdd5/pdf", "reportDataUrl": "api/v2/applications/gcal-app-jar/reports/905d7e688e344c7faafc8d5cc297fdd5/raw"}, {"stage": "build", "applicationId": "71681fb4023540d6a4a7bd482ae7cd49", "evaluationDate": "2020-10-27T17:09:18.050Z", "latestReportHtmlUrl": "ui/links/application/bootstrap-blog/latestReport/build", "reportHtmlUrl": "ui/links/application/bootstrap-blog/report/d83e55e8e6b341d4b199bd87fdf8e853", "embeddableReportHtmlUrl": "ui/links/application/bootstrap-blog/report/d83e55e8e6b341d4b199bd87fdf8e853/embeddable", "reportPdfUrl": "ui/links/application/bootstrap-blog/report/d83e55e8e6b341d4b199bd87fdf8e853/pdf", "reportDataUrl": "api/v2/applications/bootstrap-blog/reports/d83e55e8e6b341d4b199bd87fdf8e853/raw"}, {"stage": "build", "applicationId": "72603b7ec78a4916ae0717e7f271158e", "evaluationDate": "2020-05-19T19:47:45.461+01:00", "latestReportHtmlUrl": "ui/links/application/smproto5/latestReport/build", "reportHtmlUrl": "ui/links/application/smproto5/report/1d9f7063f71546548f05a61751f479cc", "embeddableReportHtmlUrl": "ui/links/application/smproto5/report/1d9f7063f71546548f05a61751f479cc/embeddable", "reportPdfUrl": "ui/links/application/smproto5/report/1d9f7063f71546548f05a61751f479cc/pdf", "reportDataUrl": "api/v2/applications/smproto5/reports/1d9f7063f71546548f05a61751f479cc/raw"}, {"stage": "build", "applicationId": "7653788c917d439a88f876e1fccc1366", "evaluationDate": "2020-06-19T20:53:21.442+01:00", "latestReportHtmlUrl": "ui/links/application/smproto7/latestReport/build", "reportHtmlUrl": "ui/links/application/smproto7/report/544fd3e536c64919b4552d2ccecbbe27", "embeddableReportHtmlUrl": "ui/links/application/smproto7/report/544fd3e536c64919b4552d2ccecbbe27/embeddable", "reportPdfUrl": "ui/links/application/smproto7/report/544fd3e536c64919b4552d2ccecbbe27/pdf", "reportDataUrl": "api/v2/applications/smproto7/reports/544fd3e536c64919b4552d2ccecbbe27/raw"}, {"stage": "build", "applicationId": "76b99c653ec1454691b964f981b2df52", "evaluationDate": "2020-07-21T19:34:43.242+01:00", "latestReportHtmlUrl": "ui/links/application/unittesting/latestReport/build", "reportHtmlUrl": "ui/links/application/unittesting/report/92a00c0dfb4c45bc97cd9a8f325fef28", "embeddableReportHtmlUrl": "ui/links/application/unittesting/report/92a00c0dfb4c45bc97cd9a8f325fef28/embeddable", "reportPdfUrl": "ui/links/application/unittesting/report/92a00c0dfb4c45bc97cd9a8f325fef28/pdf", "reportDataUrl": "api/v2/applications/unittesting/reports/92a00c0dfb4c45bc97cd9a8f325fef28/raw"}, {"stage": "build", "applicationId": "77b39d26c2e440328d4ec1bf9bfa51de", "evaluationDate": "2020-10-13T15:13:37.951+01:00", "latestReportHtmlUrl": "ui/links/application/webgoat-bbc/latestReport/build", "reportHtmlUrl": "ui/links/application/webgoat-bbc/report/bee74819ef754e98b1598cedf1337ecc", "embeddableReportHtmlUrl": "ui/links/application/webgoat-bbc/report/bee74819ef754e98b1598cedf1337ecc/embeddable", "reportPdfUrl": "ui/links/application/webgoat-bbc/report/bee74819ef754e98b1598cedf1337ecc/pdf", "reportDataUrl": "api/v2/applications/webgoat-bbc/reports/bee74819ef754e98b1598cedf1337ecc/raw"}, {"stage": "build", "applicationId": "7838a9617323418ba8ccfa89d0f7f1d6", "evaluationDate": "2020-07-14T17:44:29.872+01:00", "latestReportHtmlUrl": "ui/links/application/cpp_test/latestReport/build", "reportHtmlUrl": "ui/links/application/cpp_test/report/465600a8d99143e9a47b565184ddf71b", "embeddableReportHtmlUrl": "ui/links/application/cpp_test/report/465600a8d99143e9a47b565184ddf71b/embeddable", "reportPdfUrl": "ui/links/application/cpp_test/report/465600a8d99143e9a47b565184ddf71b/pdf", "reportDataUrl": "api/v2/applications/cpp_test/reports/465600a8d99143e9a47b565184ddf71b/raw"}, {"stage": "build", "applicationId": "78aba166280a4f73a5c21b126f008c14", "evaluationDate": "2020-07-23T09:47:22.119+01:00", "latestReportHtmlUrl": "ui/links/application/pyscan2/latestReport/build", "reportHtmlUrl": "ui/links/application/pyscan2/report/f0a6d10a3bc342e683b348c0ec4ef30f", "embeddableReportHtmlUrl": "ui/links/application/pyscan2/report/f0a6d10a3bc342e683b348c0ec4ef30f/embeddable", "reportPdfUrl": "ui/links/application/pyscan2/report/f0a6d10a3bc342e683b348c0ec4ef30f/pdf", "reportDataUrl": "api/v2/applications/pyscan2/reports/f0a6d10a3bc342e683b348c0ec4ef30f/raw"}, {"stage": "build", "applicationId": "79bb354144d74f95b061be16e90cc47d", "evaluationDate": "2020-11-04T08:15:27.385Z", "latestReportHtmlUrl": "ui/links/application/webgoat-lab1-pr/latestReport/build", "reportHtmlUrl": "ui/links/application/webgoat-lab1-pr/report/50387b98d7b84e4a8b202fe621370559", "embeddableReportHtmlUrl": "ui/links/application/webgoat-lab1-pr/report/50387b98d7b84e4a8b202fe621370559/embeddable", "reportPdfUrl": "ui/links/application/webgoat-lab1-pr/report/50387b98d7b84e4a8b202fe621370559/pdf", "reportDataUrl": "api/v2/applications/webgoat-lab1-pr/reports/50387b98d7b84e4a8b202fe621370559/raw"}, {"stage": "build", "applicationId": "7cd78cbcf02a4b04a59a801242be11eb", "evaluationDate": "2020-07-07T18:52:50.745+01:00", "latestReportHtmlUrl": "ui/links/application/nuget-code-pkg-94/latestReport/build", "reportHtmlUrl": "ui/links/application/nuget-code-pkg-94/report/c0032ed2328c4dd994b774648a416b1d", "embeddableReportHtmlUrl": "ui/links/application/nuget-code-pkg-94/report/c0032ed2328c4dd994b774648a416b1d/embeddable", "reportPdfUrl": "ui/links/application/nuget-code-pkg-94/report/c0032ed2328c4dd994b774648a416b1d/pdf", "reportDataUrl": "api/v2/applications/nuget-code-pkg-94/reports/c0032ed2328c4dd994b774648a416b1d/raw"}, {"stage": "build", "applicationId": "7d7c553749244c49abb58fd18c01c797", "evaluationDate": "2020-10-15T10:06:11.719+01:00", "latestReportHtmlUrl": "ui/links/application/webgoat-orgb/latestReport/build", "reportHtmlUrl": "ui/links/application/webgoat-orgb/report/2fabdb41f8d445e496a17c2c12243f74", "embeddableReportHtmlUrl": "ui/links/application/webgoat-orgb/report/2fabdb41f8d445e496a17c2c12243f74/embeddable", "reportPdfUrl": "ui/links/application/webgoat-orgb/report/2fabdb41f8d445e496a17c2c12243f74/pdf", "reportDataUrl": "api/v2/applications/webgoat-orgb/reports/2fabdb41f8d445e496a17c2c12243f74/raw"}, {"stage": "build", "applicationId": "7dd3ac2225da41318a543fc47fec8eab", "evaluationDate": "2020-08-12T15:46:21.186+01:00", "latestReportHtmlUrl": "ui/links/application/sm3.3/latestReport/build", "reportHtmlUrl": "ui/links/application/sm3.3/report/799635aefeb2489bbb057a05c59995aa", "embeddableReportHtmlUrl": "ui/links/application/sm3.3/report/799635aefeb2489bbb057a05c59995aa/embeddable", "reportPdfUrl": "ui/links/application/sm3.3/report/799635aefeb2489bbb057a05c59995aa/pdf", "reportDataUrl": "api/v2/applications/sm3.3/reports/799635aefeb2489bbb057a05c59995aa/raw"}, {"stage": "build", "applicationId": "7de6a267651146bc98f7cf76f577261e", "evaluationDate": "2020-07-17T12:58:20.318+01:00", "latestReportHtmlUrl": "ui/links/application/nuget-cx/latestReport/build", "reportHtmlUrl": "ui/links/application/nuget-cx/report/34832484a3674cdda612a7b40b836af0", "embeddableReportHtmlUrl": "ui/links/application/nuget-cx/report/34832484a3674cdda612a7b40b836af0/embeddable", "reportPdfUrl": "ui/links/application/nuget-cx/report/34832484a3674cdda612a7b40b836af0/pdf", "reportDataUrl": "api/v2/applications/nuget-cx/reports/34832484a3674cdda612a7b40b836af0/raw"}, {"stage": "build", "applicationId": "7f9d381cfe514f779fc4eee7c00e63fb", "evaluationDate": "2020-06-19T20:50:24.067+01:00", "latestReportHtmlUrl": "ui/links/application/iq-server-91/latestReport/build", "reportHtmlUrl": "ui/links/application/iq-server-91/report/657443cdbb0b471aa3c87361c1cd46e2", "embeddableReportHtmlUrl": "ui/links/application/iq-server-91/report/657443cdbb0b471aa3c87361c1cd46e2/embeddable", "reportPdfUrl": "ui/links/application/iq-server-91/report/657443cdbb0b471aa3c87361c1cd46e2/pdf", "reportDataUrl": "api/v2/applications/iq-server-91/reports/657443cdbb0b471aa3c87361c1cd46e2/raw"}, {"stage": "build", "applicationId": "7ff1167b01774229ac79665e7e901ec6", "evaluationDate": "2020-06-19T20:52:58.067+01:00", "latestReportHtmlUrl": "ui/links/application/smproto9/latestReport/build", "reportHtmlUrl": "ui/links/application/smproto9/report/2d49606f892d40778be8b5a71a246f65", "embeddableReportHtmlUrl": "ui/links/application/smproto9/report/2d49606f892d40778be8b5a71a246f65/embeddable", "reportPdfUrl": "ui/links/application/smproto9/report/2d49606f892d40778be8b5a71a246f65/pdf", "reportDataUrl": "api/v2/applications/smproto9/reports/2d49606f892d40778be8b5a71a246f65/raw"}, {"stage": "build", "applicationId": "84c6990ba8b04f4daa521b560799f6e9", "evaluationDate": "2020-08-12T15:55:45.259+01:00", "latestReportHtmlUrl": "ui/links/application/sm3.3-sb/latestReport/build", "reportHtmlUrl": "ui/links/application/sm3.3-sb/report/8959eff1ea364b49aa0935dfd5d26e19", "embeddableReportHtmlUrl": "ui/links/application/sm3.3-sb/report/8959eff1ea364b49aa0935dfd5d26e19/embeddable", "reportPdfUrl": "ui/links/application/sm3.3-sb/report/8959eff1ea364b49aa0935dfd5d26e19/pdf", "reportDataUrl": "api/v2/applications/sm3.3-sb/reports/8959eff1ea364b49aa0935dfd5d26e19/raw"}, {"stage": "build", "applicationId": "8b229f38abf740088fe51c912ba3ff5b", "evaluationDate": "2020-10-13T12:03:08.395+01:00", "latestReportHtmlUrl": "ui/links/application/Webgoat-bb/latestReport/build", "reportHtmlUrl": "ui/links/application/Webgoat-bb/report/43554b63e3d24989a0039d121d68090a", "embeddableReportHtmlUrl": "ui/links/application/Webgoat-bb/report/43554b63e3d24989a0039d121d68090a/embeddable", "reportPdfUrl": "ui/links/application/Webgoat-bb/report/43554b63e3d24989a0039d121d68090a/pdf", "reportDataUrl": "api/v2/applications/Webgoat-bb/reports/43554b63e3d24989a0039d121d68090a/raw"}, {"stage": "release", "applicationId": "8b229f38abf740088fe51c912ba3ff5b", "evaluationDate": "2020-11-20T00:01:40.861Z", "latestReportHtmlUrl": "ui/links/application/Webgoat-bb/latestReport/release", "reportHtmlUrl": "ui/links/application/Webgoat-bb/report/d50dee0511e246259a48d8b5f6248669", "embeddableReportHtmlUrl": "ui/links/application/Webgoat-bb/report/d50dee0511e246259a48d8b5f6248669/embeddable", "reportPdfUrl": "ui/links/application/Webgoat-bb/report/d50dee0511e246259a48d8b5f6248669/pdf", "reportDataUrl": "api/v2/applications/Webgoat-bb/reports/d50dee0511e246259a48d8b5f6248669/raw"}, {"stage": "build", "applicationId": "8be9bdf0a69647ff852ef3d131f4ba52", "evaluationDate": "2020-07-23T09:48:10.186+01:00", "latestReportHtmlUrl": "ui/links/application/pyscan/latestReport/build", "reportHtmlUrl": "ui/links/application/pyscan/report/be906e67458647478c2fd456ed384f95", "embeddableReportHtmlUrl": "ui/links/application/pyscan/report/be906e67458647478c2fd456ed384f95/embeddable", "reportPdfUrl": "ui/links/application/pyscan/report/be906e67458647478c2fd456ed384f95/pdf", "reportDataUrl": "api/v2/applications/pyscan/reports/be906e67458647478c2fd456ed384f95/raw"}, {"stage": "build", "applicationId": "8d08fea8797e42ac991a429be49b42f0", "evaluationDate": "2020-07-28T13:35:23.118+01:00", "latestReportHtmlUrl": "ui/links/application/snake23/latestReport/build", "reportHtmlUrl": "ui/links/application/snake23/report/9240d5c472af41dd9264cde76f3798ac", "embeddableReportHtmlUrl": "ui/links/application/snake23/report/9240d5c472af41dd9264cde76f3798ac/embeddable", "reportPdfUrl": "ui/links/application/snake23/report/9240d5c472af41dd9264cde76f3798ac/pdf", "reportDataUrl": "api/v2/applications/snake23/reports/9240d5c472af41dd9264cde76f3798ac/raw"}, {"stage": "build", "applicationId": "92dce22c96bc4edfae56ca210d166161", "evaluationDate": "2020-08-05T18:30:30.206+01:00", "latestReportHtmlUrl": "ui/links/application/angular-app/latestReport/build", "reportHtmlUrl": "ui/links/application/angular-app/report/45373865f3764e8793a2046b4ac33f02", "embeddableReportHtmlUrl": "ui/links/application/angular-app/report/45373865f3764e8793a2046b4ac33f02/embeddable", "reportPdfUrl": "ui/links/application/angular-app/report/45373865f3764e8793a2046b4ac33f02/pdf", "reportDataUrl": "api/v2/applications/angular-app/reports/45373865f3764e8793a2046b4ac33f02/raw"}, {"stage": "build", "applicationId": "943349d9322148a9b3fe8002e871a9c5", "evaluationDate": "2020-08-04T17:53:05.083+01:00", "latestReportHtmlUrl": "ui/links/application/snake119/latestReport/build", "reportHtmlUrl": "ui/links/application/snake119/report/797c0aa48b9d468a894805660fd17dee", "embeddableReportHtmlUrl": "ui/links/application/snake119/report/797c0aa48b9d468a894805660fd17dee/embeddable", "reportPdfUrl": "ui/links/application/snake119/report/797c0aa48b9d468a894805660fd17dee/pdf", "reportDataUrl": "api/v2/applications/snake119/reports/797c0aa48b9d468a894805660fd17dee/raw"}, {"stage": "build", "applicationId": "965f2e92c6c94081b390ee5ab8a635d5", "evaluationDate": "2020-07-28T13:23:51.081+01:00", "latestReportHtmlUrl": "ui/links/application/snake/latestReport/build", "reportHtmlUrl": "ui/links/application/snake/report/54d1ea8632834092aae50bf142cd826e", "embeddableReportHtmlUrl": "ui/links/application/snake/report/54d1ea8632834092aae50bf142cd826e/embeddable", "reportPdfUrl": "ui/links/application/snake/report/54d1ea8632834092aae50bf142cd826e/pdf", "reportDataUrl": "api/v2/applications/snake/reports/54d1ea8632834092aae50bf142cd826e/raw"}, {"stage": "build", "applicationId": "9e8450c6582243628a2f86718be22e0c", "evaluationDate": "2020-10-12T15:43:42.725+01:00", "latestReportHtmlUrl": "ui/links/application/struts2-rce-gl/latestReport/build", "reportHtmlUrl": "ui/links/application/struts2-rce-gl/report/5525642d79ea438cb5b53abe71faa62a", "embeddableReportHtmlUrl": "ui/links/application/struts2-rce-gl/report/5525642d79ea438cb5b53abe71faa62a/embeddable", "reportPdfUrl": "ui/links/application/struts2-rce-gl/report/5525642d79ea438cb5b53abe71faa62a/pdf", "reportDataUrl": "api/v2/applications/struts2-rce-gl/reports/5525642d79ea438cb5b53abe71faa62a/raw"}, {"stage": "build", "applicationId": "a1b52a7a428b4960b4f15d56e80058ba", "evaluationDate": "2020-07-23T09:13:54.913+01:00", "latestReportHtmlUrl": "ui/links/application/md2/latestReport/build", "reportHtmlUrl": "ui/links/application/md2/report/744645c0f5bc45d8ab6ae150239d4ecf", "embeddableReportHtmlUrl": "ui/links/application/md2/report/744645c0f5bc45d8ab6ae150239d4ecf/embeddable", "reportPdfUrl": "ui/links/application/md2/report/744645c0f5bc45d8ab6ae150239d4ecf/pdf", "reportDataUrl": "api/v2/applications/md2/reports/744645c0f5bc45d8ab6ae150239d4ecf/raw"}, {"stage": "build", "applicationId": "a22d004bd75b4310ac6d06e8abf910d8", "evaluationDate": "2020-10-20T15:01:51.164+01:00", "latestReportHtmlUrl": "ui/links/application/webgoat-w2/latestReport/build", "reportHtmlUrl": "ui/links/application/webgoat-w2/report/9532a84208644f4e8d5fc749a8f7c245", "embeddableReportHtmlUrl": "ui/links/application/webgoat-w2/report/9532a84208644f4e8d5fc749a8f7c245/embeddable", "reportPdfUrl": "ui/links/application/webgoat-w2/report/9532a84208644f4e8d5fc749a8f7c245/pdf", "reportDataUrl": "api/v2/applications/webgoat-w2/reports/9532a84208644f4e8d5fc749a8f7c245/raw"}, {"stage": "build", "applicationId": "a23fd513968947e3b10375a1e2abee8b", "evaluationDate": "2020-06-19T20:54:47.891+01:00", "latestReportHtmlUrl": "ui/links/application/smproto12/latestReport/build", "reportHtmlUrl": "ui/links/application/smproto12/report/79c657ace42c4b98a4023f9664570359", "embeddableReportHtmlUrl": "ui/links/application/smproto12/report/79c657ace42c4b98a4023f9664570359/embeddable", "reportPdfUrl": "ui/links/application/smproto12/report/79c657ace42c4b98a4023f9664570359/pdf", "reportDataUrl": "api/v2/applications/smproto12/reports/79c657ace42c4b98a4023f9664570359/raw"}, {"stage": "build", "applicationId": "a380c9c78bc44549830f776ee948acc7", "evaluationDate": "2020-11-04T08:07:51.193Z", "latestReportHtmlUrl": "ui/links/application/webgoat-lab1/latestReport/build", "reportHtmlUrl": "ui/links/application/webgoat-lab1/report/0c77a9c8b6604d4eb98cf0e12f420a8b", "embeddableReportHtmlUrl": "ui/links/application/webgoat-lab1/report/0c77a9c8b6604d4eb98cf0e12f420a8b/embeddable", "reportPdfUrl": "ui/links/application/webgoat-lab1/report/0c77a9c8b6604d4eb98cf0e12f420a8b/pdf", "reportDataUrl": "api/v2/applications/webgoat-lab1/reports/0c77a9c8b6604d4eb98cf0e12f420a8b/raw"}, {"stage": "build", "applicationId": "a3a09306f5fa45aabd80cbbb083655e2", "evaluationDate": "2020-10-08T10:26:52.081+01:00", "latestReportHtmlUrl": "ui/links/application/webgoat-ci/latestReport/build", "reportHtmlUrl": "ui/links/application/webgoat-ci/report/ec572f04f7cf47399f1075a85eda34d4", "embeddableReportHtmlUrl": "ui/links/application/webgoat-ci/report/ec572f04f7cf47399f1075a85eda34d4/embeddable", "reportPdfUrl": "ui/links/application/webgoat-ci/report/ec572f04f7cf47399f1075a85eda34d4/pdf", "reportDataUrl": "api/v2/applications/webgoat-ci/reports/ec572f04f7cf47399f1075a85eda34d4/raw"}, {"stage": "build", "applicationId": "a50d61e22dd849028966c312cb46c58f", "evaluationDate": "2020-05-20T14:09:20.763+01:00", "latestReportHtmlUrl": "ui/links/application/md5/latestReport/build", "reportHtmlUrl": "ui/links/application/md5/report/f21a280aa2b64124ab83728e7bf2182c", "embeddableReportHtmlUrl": "ui/links/application/md5/report/f21a280aa2b64124ab83728e7bf2182c/embeddable", "reportPdfUrl": "ui/links/application/md5/report/f21a280aa2b64124ab83728e7bf2182c/pdf", "reportDataUrl": "api/v2/applications/md5/reports/f21a280aa2b64124ab83728e7bf2182c/raw"}, {"stage": "build", "applicationId": "a5b2a04cf1d144efae72d7cb33c7f1c4", "evaluationDate": "2020-06-23T15:50:20.271+01:00", "latestReportHtmlUrl": "ui/links/application/domready/latestReport/build", "reportHtmlUrl": "ui/links/application/domready/report/8464a630cb9241d0aa695059b3ce7825", "embeddableReportHtmlUrl": "ui/links/application/domready/report/8464a630cb9241d0aa695059b3ce7825/embeddable", "reportPdfUrl": "ui/links/application/domready/report/8464a630cb9241d0aa695059b3ce7825/pdf", "reportDataUrl": "api/v2/applications/domready/reports/8464a630cb9241d0aa695059b3ce7825/raw"}, {"stage": "build", "applicationId": "a875c4093ac540eabbe9d4299c8fb4bc", "evaluationDate": "2020-11-04T07:55:41.713Z", "latestReportHtmlUrl": "ui/links/application/webgoat-gl4/latestReport/build", "reportHtmlUrl": "ui/links/application/webgoat-gl4/report/11baa43ab0294e4e9ffe653d5d279818", "embeddableReportHtmlUrl": "ui/links/application/webgoat-gl4/report/11baa43ab0294e4e9ffe653d5d279818/embeddable", "reportPdfUrl": "ui/links/application/webgoat-gl4/report/11baa43ab0294e4e9ffe653d5d279818/pdf", "reportDataUrl": "api/v2/applications/webgoat-gl4/reports/11baa43ab0294e4e9ffe653d5d279818/raw"}, {"stage": "build", "applicationId": "a9d5b3b31c1742148faf6a31cc2e3474", "evaluationDate": "2020-07-10T10:58:02.885+01:00", "latestReportHtmlUrl": "ui/links/application/conan-demoapp/latestReport/build", "reportHtmlUrl": "ui/links/application/conan-demoapp/report/5216dab761fb46f480a2585019755983", "embeddableReportHtmlUrl": "ui/links/application/conan-demoapp/report/5216dab761fb46f480a2585019755983/embeddable", "reportPdfUrl": "ui/links/application/conan-demoapp/report/5216dab761fb46f480a2585019755983/pdf", "reportDataUrl": "api/v2/applications/conan-demoapp/reports/5216dab761fb46f480a2585019755983/raw"}, {"stage": "build", "applicationId": "aafd400567bb418fb4148e91494483a4", "evaluationDate": "2020-11-17T12:14:26.931Z", "latestReportHtmlUrl": "ui/links/application/md5app/latestReport/build", "reportHtmlUrl": "ui/links/application/md5app/report/22ff6d9e48b94ba3bd26af92b3ce20e1", "embeddableReportHtmlUrl": "ui/links/application/md5app/report/22ff6d9e48b94ba3bd26af92b3ce20e1/embeddable", "reportPdfUrl": "ui/links/application/md5app/report/22ff6d9e48b94ba3bd26af92b3ce20e1/pdf", "reportDataUrl": "api/v2/applications/md5app/reports/22ff6d9e48b94ba3bd26af92b3ce20e1/raw"}, {"stage": "build", "applicationId": "ac3de999bd7a4573b25924c5a7dee6bd", "evaluationDate": "2020-07-15T09:01:52.725+01:00", "latestReportHtmlUrl": "ui/links/application/ngc-dll-pkg/latestReport/build", "reportHtmlUrl": "ui/links/application/ngc-dll-pkg/report/a928c9a319e94bf695d75bc236b581f9", "embeddableReportHtmlUrl": "ui/links/application/ngc-dll-pkg/report/a928c9a319e94bf695d75bc236b581f9/embeddable", "reportPdfUrl": "ui/links/application/ngc-dll-pkg/report/a928c9a319e94bf695d75bc236b581f9/pdf", "reportDataUrl": "api/v2/applications/ngc-dll-pkg/reports/a928c9a319e94bf695d75bc236b581f9/raw"}, {"stage": "build", "applicationId": "ad38f64e1033454db37f300828edf5b7", "evaluationDate": "2020-07-28T13:24:57.899+01:00", "latestReportHtmlUrl": "ui/links/application/snake19/latestReport/build", "reportHtmlUrl": "ui/links/application/snake19/report/4c89eecf1b1740ce81428c3f0e5dee41", "embeddableReportHtmlUrl": "ui/links/application/snake19/report/4c89eecf1b1740ce81428c3f0e5dee41/embeddable", "reportPdfUrl": "ui/links/application/snake19/report/4c89eecf1b1740ce81428c3f0e5dee41/pdf", "reportDataUrl": "api/v2/applications/snake19/reports/4c89eecf1b1740ce81428c3f0e5dee41/raw"}, {"stage": "build", "applicationId": "adc4ad2b53d4434597599ae9845c5c89", "evaluationDate": "2020-07-23T09:06:11.388+01:00", "latestReportHtmlUrl": "ui/links/application/md5thu/latestReport/build", "reportHtmlUrl": "ui/links/application/md5thu/report/a62baeae58324b5eb13402f5a01a00f2", "embeddableReportHtmlUrl": "ui/links/application/md5thu/report/a62baeae58324b5eb13402f5a01a00f2/embeddable", "reportPdfUrl": "ui/links/application/md5thu/report/a62baeae58324b5eb13402f5a01a00f2/pdf", "reportDataUrl": "api/v2/applications/md5thu/reports/a62baeae58324b5eb13402f5a01a00f2/raw"}, {"stage": "build", "applicationId": "affdda4f5eb74a9d9985e1bf6beb1449", "evaluationDate": "2020-10-27T17:08:01.490Z", "latestReportHtmlUrl": "ui/links/application/smproto-ui/latestReport/build", "reportHtmlUrl": "ui/links/application/smproto-ui/report/dc4cd74a3dd44830ad8567eff39ee9c9", "embeddableReportHtmlUrl": "ui/links/application/smproto-ui/report/dc4cd74a3dd44830ad8567eff39ee9c9/embeddable", "reportPdfUrl": "ui/links/application/smproto-ui/report/dc4cd74a3dd44830ad8567eff39ee9c9/pdf", "reportDataUrl": "api/v2/applications/smproto-ui/reports/dc4cd74a3dd44830ad8567eff39ee9c9/raw"}, {"stage": "build", "applicationId": "b0e0785061b34a60a637a4ad8e503785", "evaluationDate": "2020-06-26T14:08:12.437+01:00", "latestReportHtmlUrl": "ui/links/application/angu1/latestReport/build", "reportHtmlUrl": "ui/links/application/angu1/report/aa1ac28aa314406dab7571bd0d2406a9", "embeddableReportHtmlUrl": "ui/links/application/angu1/report/aa1ac28aa314406dab7571bd0d2406a9/embeddable", "reportPdfUrl": "ui/links/application/angu1/report/aa1ac28aa314406dab7571bd0d2406a9/pdf", "reportDataUrl": "api/v2/applications/angu1/reports/aa1ac28aa314406dab7571bd0d2406a9/raw"}, {"stage": "build", "applicationId": "b47a2533598f48d892348f56284d1192", "evaluationDate": "2020-07-13T16:50:03.468+01:00", "latestReportHtmlUrl": "ui/links/application/webgoat-legacy-ci/latestReport/build", "reportHtmlUrl": "ui/links/application/webgoat-legacy-ci/report/238de8e70e994a208206bf8e0a594d96", "embeddableReportHtmlUrl": "ui/links/application/webgoat-legacy-ci/report/238de8e70e994a208206bf8e0a594d96/embeddable", "reportPdfUrl": "ui/links/application/webgoat-legacy-ci/report/238de8e70e994a208206bf8e0a594d96/pdf", "reportDataUrl": "api/v2/applications/webgoat-legacy-ci/reports/238de8e70e994a208206bf8e0a594d96/raw"}, {"stage": "release", "applicationId": "b47a2533598f48d892348f56284d1192", "evaluationDate": "2020-11-20T00:02:15.007Z", "latestReportHtmlUrl": "ui/links/application/webgoat-legacy-ci/latestReport/release", "reportHtmlUrl": "ui/links/application/webgoat-legacy-ci/report/29b4bbc411c64279b1cdc75229324132", "embeddableReportHtmlUrl": "ui/links/application/webgoat-legacy-ci/report/29b4bbc411c64279b1cdc75229324132/embeddable", "reportPdfUrl": "ui/links/application/webgoat-legacy-ci/report/29b4bbc411c64279b1cdc75229324132/pdf", "reportDataUrl": "api/v2/applications/webgoat-legacy-ci/reports/29b4bbc411c64279b1cdc75229324132/raw"}, {"stage": "build", "applicationId": "b985ec98f64e4a0390de6c0a9d49faad", "evaluationDate": "2020-10-26T15:46:55.828Z", "latestReportHtmlUrl": "ui/links/application/sample-npm/latestReport/build", "reportHtmlUrl": "ui/links/application/sample-npm/report/0e71e0a3014b458a837807154d8feb90", "embeddableReportHtmlUrl": "ui/links/application/sample-npm/report/0e71e0a3014b458a837807154d8feb90/embeddable", "reportPdfUrl": "ui/links/application/sample-npm/report/0e71e0a3014b458a837807154d8feb90/pdf", "reportDataUrl": "api/v2/applications/sample-npm/reports/0e71e0a3014b458a837807154d8feb90/raw"}, {"stage": "build", "applicationId": "bc83142d46084377b49cff13c83abcfa", "evaluationDate": "2020-11-17T09:29:59.869Z", "latestReportHtmlUrl": "ui/links/application/r-app/latestReport/build", "reportHtmlUrl": "ui/links/application/r-app/report/1f64d011531041c0a2216b8b6a0333dc", "embeddableReportHtmlUrl": "ui/links/application/r-app/report/1f64d011531041c0a2216b8b6a0333dc/embeddable", "reportPdfUrl": "ui/links/application/r-app/report/1f64d011531041c0a2216b8b6a0333dc/pdf", "reportDataUrl": "api/v2/applications/r-app/reports/1f64d011531041c0a2216b8b6a0333dc/raw"}, {"stage": "build", "applicationId": "bf29d54fcec44baca39c7fe3e6730903", "evaluationDate": "2020-07-07T18:52:16.307+01:00", "latestReportHtmlUrl": "ui/links/application/nuget-code-dll-94/latestReport/build", "reportHtmlUrl": "ui/links/application/nuget-code-dll-94/report/d94e25b8e9d44792b9062aa29053a40b", "embeddableReportHtmlUrl": "ui/links/application/nuget-code-dll-94/report/d94e25b8e9d44792b9062aa29053a40b/embeddable", "reportPdfUrl": "ui/links/application/nuget-code-dll-94/report/d94e25b8e9d44792b9062aa29053a40b/pdf", "reportDataUrl": "api/v2/applications/nuget-code-dll-94/reports/d94e25b8e9d44792b9062aa29053a40b/raw"}, {"stage": "build", "applicationId": "c3e953c45e5c4a8aae64ab6d4f57f3ff", "evaluationDate": "2020-07-14T17:34:53.927+01:00", "latestReportHtmlUrl": "ui/links/application/md5app-demo/latestReport/build", "reportHtmlUrl": "ui/links/application/md5app-demo/report/36ae473759c7457f89646f3c6c596892", "embeddableReportHtmlUrl": "ui/links/application/md5app-demo/report/36ae473759c7457f89646f3c6c596892/embeddable", "reportPdfUrl": "ui/links/application/md5app-demo/report/36ae473759c7457f89646f3c6c596892/pdf", "reportDataUrl": "api/v2/applications/md5app-demo/reports/36ae473759c7457f89646f3c6c596892/raw"}, {"stage": "build", "applicationId": "ca0670eed47540ad8f3f7b16504ed810", "evaluationDate": "2020-08-07T14:08:06.219+01:00", "latestReportHtmlUrl": "ui/links/application/gcal-app-2/latestReport/build", "reportHtmlUrl": "ui/links/application/gcal-app-2/report/11ec14a6a185408ebdce6d77540d1200", "embeddableReportHtmlUrl": "ui/links/application/gcal-app-2/report/11ec14a6a185408ebdce6d77540d1200/embeddable", "reportPdfUrl": "ui/links/application/gcal-app-2/report/11ec14a6a185408ebdce6d77540d1200/pdf", "reportDataUrl": "api/v2/applications/gcal-app-2/reports/11ec14a6a185408ebdce6d77540d1200/raw"}, {"stage": "build", "applicationId": "cb14d7c7f56b49a7be31f1d74bb2ce0c", "evaluationDate": "2020-11-12T16:02:45.216Z", "latestReportHtmlUrl": "ui/links/application/smjar/latestReport/build", "reportHtmlUrl": "ui/links/application/smjar/report/d7eb7f21382d4903a1822e9d77b74623", "embeddableReportHtmlUrl": "ui/links/application/smjar/report/d7eb7f21382d4903a1822e9d77b74623/embeddable", "reportPdfUrl": "ui/links/application/smjar/report/d7eb7f21382d4903a1822e9d77b74623/pdf", "reportDataUrl": "api/v2/applications/smjar/reports/d7eb7f21382d4903a1822e9d77b74623/raw"}, {"stage": "build", "applicationId": "cdf3c18691cd4b988a1a94467638fedd", "evaluationDate": "2020-06-19T20:54:06.364+01:00", "latestReportHtmlUrl": "ui/links/application/sizeof-agent/latestReport/build", "reportHtmlUrl": "ui/links/application/sizeof-agent/report/b285bede3d3d42588954a2b28babe3fb", "embeddableReportHtmlUrl": "ui/links/application/sizeof-agent/report/b285bede3d3d42588954a2b28babe3fb/embeddable", "reportPdfUrl": "ui/links/application/sizeof-agent/report/b285bede3d3d42588954a2b28babe3fb/pdf", "reportDataUrl": "api/v2/applications/sizeof-agent/reports/b285bede3d3d42588954a2b28babe3fb/raw"}, {"stage": "build", "applicationId": "cea9b95ee6fc4d9caea6117ee9d6027a", "evaluationDate": "2020-11-17T12:36:06.002Z", "latestReportHtmlUrl": "ui/links/application/md5app-noid/latestReport/build", "reportHtmlUrl": "ui/links/application/md5app-noid/report/1213d7a765214af798d504cd2cf3db5b", "embeddableReportHtmlUrl": "ui/links/application/md5app-noid/report/1213d7a765214af798d504cd2cf3db5b/embeddable", "reportPdfUrl": "ui/links/application/md5app-noid/report/1213d7a765214af798d504cd2cf3db5b/pdf", "reportDataUrl": "api/v2/applications/md5app-noid/reports/1213d7a765214af798d504cd2cf3db5b/raw"}, {"stage": "build", "applicationId": "cec29f2a5b964b3790a24dfbdddf2701", "evaluationDate": "2020-11-04T08:33:51.549Z", "latestReportHtmlUrl": "ui/links/application/webgoat-adp/latestReport/build", "reportHtmlUrl": "ui/links/application/webgoat-adp/report/1a568dc6cb23494aaec9e46aba2e37ff", "embeddableReportHtmlUrl": "ui/links/application/webgoat-adp/report/1a568dc6cb23494aaec9e46aba2e37ff/embeddable", "reportPdfUrl": "ui/links/application/webgoat-adp/report/1a568dc6cb23494aaec9e46aba2e37ff/pdf", "reportDataUrl": "api/v2/applications/webgoat-adp/reports/1a568dc6cb23494aaec9e46aba2e37ff/raw"}, {"stage": "build", "applicationId": "cf22354076f748a49dfb47627c8850e1", "evaluationDate": "2020-11-12T10:48:42.903Z", "latestReportHtmlUrl": "ui/links/application/webwolf/latestReport/build", "reportHtmlUrl": "ui/links/application/webwolf/report/252feac7053240b298fabefa4edb220c", "embeddableReportHtmlUrl": "ui/links/application/webwolf/report/252feac7053240b298fabefa4edb220c/embeddable", "reportPdfUrl": "ui/links/application/webwolf/report/252feac7053240b298fabefa4edb220c/pdf", "reportDataUrl": "api/v2/applications/webwolf/reports/252feac7053240b298fabefa4edb220c/raw"}, {"stage": "stage-release", "applicationId": "cf22354076f748a49dfb47627c8850e1", "evaluationDate": "2020-07-10T10:59:43.470+01:00", "latestReportHtmlUrl": "ui/links/application/webwolf/latestReport/stage-release", "reportHtmlUrl": "ui/links/application/webwolf/report/c635e45562a246c38903de2bb549bebe", "embeddableReportHtmlUrl": "ui/links/application/webwolf/report/c635e45562a246c38903de2bb549bebe/embeddable", "reportPdfUrl": "ui/links/application/webwolf/report/c635e45562a246c38903de2bb549bebe/pdf", "reportDataUrl": "api/v2/applications/webwolf/reports/c635e45562a246c38903de2bb549bebe/raw"}, {"stage": "build", "applicationId": "d18ccce804d348e3a63186522e5cd65f", "evaluationDate": "2020-11-17T15:52:28.353Z", "latestReportHtmlUrl": "ui/links/application/md1/latestReport/build", "reportHtmlUrl": "ui/links/application/md1/report/53e9b830f52945589f283e230135d42f", "embeddableReportHtmlUrl": "ui/links/application/md1/report/53e9b830f52945589f283e230135d42f/embeddable", "reportPdfUrl": "ui/links/application/md1/report/53e9b830f52945589f283e230135d42f/pdf", "reportDataUrl": "api/v2/applications/md1/reports/53e9b830f52945589f283e230135d42f/raw"}, {"stage": "build", "applicationId": "d353601b3f21445b941a1e92b7e23f84", "evaluationDate": "2020-06-19T20:52:30.552+01:00", "latestReportHtmlUrl": "ui/links/application/swtest/latestReport/build", "reportHtmlUrl": "ui/links/application/swtest/report/f4b11f2498d144ff9b86aab27e657348", "embeddableReportHtmlUrl": "ui/links/application/swtest/report/f4b11f2498d144ff9b86aab27e657348/embeddable", "reportPdfUrl": "ui/links/application/swtest/report/f4b11f2498d144ff9b86aab27e657348/pdf", "reportDataUrl": "api/v2/applications/swtest/reports/f4b11f2498d144ff9b86aab27e657348/raw"}, {"stage": "build", "applicationId": "d4e5c04e16c34eb9a16779efbb160f58", "evaluationDate": "2020-07-17T09:51:12.868+01:00", "latestReportHtmlUrl": "ui/links/application/nuget-bank2/latestReport/build", "reportHtmlUrl": "ui/links/application/nuget-bank2/report/2cd657e7f7fa49bfada7691977e70b52", "embeddableReportHtmlUrl": "ui/links/application/nuget-bank2/report/2cd657e7f7fa49bfada7691977e70b52/embeddable", "reportPdfUrl": "ui/links/application/nuget-bank2/report/2cd657e7f7fa49bfada7691977e70b52/pdf", "reportDataUrl": "api/v2/applications/nuget-bank2/reports/2cd657e7f7fa49bfada7691977e70b52/raw"}, {"stage": "build", "applicationId": "d61933e700ce41bf8a1b8529d4d1e5b7", "evaluationDate": "2020-09-30T10:05:19.022+01:00", "latestReportHtmlUrl": "ui/links/application/toh-auditjs/latestReport/build", "reportHtmlUrl": "ui/links/application/toh-auditjs/report/feae16d02a9a405294bb2577c7522ab4", "embeddableReportHtmlUrl": "ui/links/application/toh-auditjs/report/feae16d02a9a405294bb2577c7522ab4/embeddable", "reportPdfUrl": "ui/links/application/toh-auditjs/report/feae16d02a9a405294bb2577c7522ab4/pdf", "reportDataUrl": "api/v2/applications/toh-auditjs/reports/feae16d02a9a405294bb2577c7522ab4/raw"}, {"stage": "develop", "applicationId": "d61933e700ce41bf8a1b8529d4d1e5b7", "evaluationDate": "2020-09-30T10:03:41.746+01:00", "latestReportHtmlUrl": "ui/links/application/toh-auditjs/latestReport/develop", "reportHtmlUrl": "ui/links/application/toh-auditjs/report/964445a137ac4ce588dc73235e966c25", "embeddableReportHtmlUrl": "ui/links/application/toh-auditjs/report/964445a137ac4ce588dc73235e966c25/embeddable", "reportPdfUrl": "ui/links/application/toh-auditjs/report/964445a137ac4ce588dc73235e966c25/pdf", "reportDataUrl": "api/v2/applications/toh-auditjs/reports/964445a137ac4ce588dc73235e966c25/raw"}, {"stage": "build", "applicationId": "d95c32d1bc994973a6b5fde1cea54543", "evaluationDate": "2020-04-29T10:40:05.486+01:00", "latestReportHtmlUrl": "ui/links/application/netty/latestReport/build", "reportHtmlUrl": "ui/links/application/netty/report/5ebed8c3ac02411292caa31235b60dd9", "embeddableReportHtmlUrl": "ui/links/application/netty/report/5ebed8c3ac02411292caa31235b60dd9/embeddable", "reportPdfUrl": "ui/links/application/netty/report/5ebed8c3ac02411292caa31235b60dd9/pdf", "reportDataUrl": "api/v2/applications/netty/reports/5ebed8c3ac02411292caa31235b60dd9/raw"}, {"stage": "build", "applicationId": "de8c7f9609e449beb97e22e02df37f2b", "evaluationDate": "2020-06-19T20:54:12.746+01:00", "latestReportHtmlUrl": "ui/links/application/smproto1/latestReport/build", "reportHtmlUrl": "ui/links/application/smproto1/report/afe2c8e9659c413984e65a622ecb76ab", "embeddableReportHtmlUrl": "ui/links/application/smproto1/report/afe2c8e9659c413984e65a622ecb76ab/embeddable", "reportPdfUrl": "ui/links/application/smproto1/report/afe2c8e9659c413984e65a622ecb76ab/pdf", "reportDataUrl": "api/v2/applications/smproto1/reports/afe2c8e9659c413984e65a622ecb76ab/raw"}, {"stage": "build", "applicationId": "e0195b11cf234bf9b96167fc69d2b13a", "evaluationDate": "2020-08-05T18:24:57.210+01:00", "latestReportHtmlUrl": "ui/links/application/ang9-august/latestReport/build", "reportHtmlUrl": "ui/links/application/ang9-august/report/d674379037a7486088a570f24c4eca86", "embeddableReportHtmlUrl": "ui/links/application/ang9-august/report/d674379037a7486088a570f24c4eca86/embeddable", "reportPdfUrl": "ui/links/application/ang9-august/report/d674379037a7486088a570f24c4eca86/pdf", "reportDataUrl": "api/v2/applications/ang9-august/reports/d674379037a7486088a570f24c4eca86/raw"}, {"stage": "build", "applicationId": "e029958f86ce43468e622b377d31b511", "evaluationDate": "2020-10-08T10:16:06.869+01:00", "latestReportHtmlUrl": "ui/links/application/webgoat-legacy-ci-2/latestReport/build", "reportHtmlUrl": "ui/links/application/webgoat-legacy-ci-2/report/f7b1746e2be9423181c2f1974f1f4e16", "embeddableReportHtmlUrl": "ui/links/application/webgoat-legacy-ci-2/report/f7b1746e2be9423181c2f1974f1f4e16/embeddable", "reportPdfUrl": "ui/links/application/webgoat-legacy-ci-2/report/f7b1746e2be9423181c2f1974f1f4e16/pdf", "reportDataUrl": "api/v2/applications/webgoat-legacy-ci-2/reports/f7b1746e2be9423181c2f1974f1f4e16/raw"}, {"stage": "release", "applicationId": "e029958f86ce43468e622b377d31b511", "evaluationDate": "2020-11-20T00:02:46.584Z", "latestReportHtmlUrl": "ui/links/application/webgoat-legacy-ci-2/latestReport/release", "reportHtmlUrl": "ui/links/application/webgoat-legacy-ci-2/report/9634c97cff3246348f7c97617a4c636e", "embeddableReportHtmlUrl": "ui/links/application/webgoat-legacy-ci-2/report/9634c97cff3246348f7c97617a4c636e/embeddable", "reportPdfUrl": "ui/links/application/webgoat-legacy-ci-2/report/9634c97cff3246348f7c97617a4c636e/pdf", "reportDataUrl": "api/v2/applications/webgoat-legacy-ci-2/reports/9634c97cff3246348f7c97617a4c636e/raw"}, {"stage": "stage-release", "applicationId": "e029958f86ce43468e622b377d31b511", "evaluationDate": "2020-07-10T10:59:21.582+01:00", "latestReportHtmlUrl": "ui/links/application/webgoat-legacy-ci-2/latestReport/stage-release", "reportHtmlUrl": "ui/links/application/webgoat-legacy-ci-2/report/891977216f8740918c9445a6f70bc791", "embeddableReportHtmlUrl": "ui/links/application/webgoat-legacy-ci-2/report/891977216f8740918c9445a6f70bc791/embeddable", "reportPdfUrl": "ui/links/application/webgoat-legacy-ci-2/report/891977216f8740918c9445a6f70bc791/pdf", "reportDataUrl": "api/v2/applications/webgoat-legacy-ci-2/reports/891977216f8740918c9445a6f70bc791/raw"}, {"stage": "build", "applicationId": "e1d0c3371ed44adcbc0f6f20c95c6883", "evaluationDate": "2020-11-17T10:32:21.106Z", "latestReportHtmlUrl": "ui/links/application/sm2/latestReport/build", "reportHtmlUrl": "ui/links/application/sm2/report/4cf8efa5d5484fd2859db204829d3a61", "embeddableReportHtmlUrl": "ui/links/application/sm2/report/4cf8efa5d5484fd2859db204829d3a61/embeddable", "reportPdfUrl": "ui/links/application/sm2/report/4cf8efa5d5484fd2859db204829d3a61/pdf", "reportDataUrl": "api/v2/applications/sm2/reports/4cf8efa5d5484fd2859db204829d3a61/raw"}, {"stage": "build", "applicationId": "e39a31b734494beda57069a35f0733bd", "evaluationDate": "2020-09-30T11:41:25.236+01:00", "latestReportHtmlUrl": "ui/links/application/toh-webpack-prod/latestReport/build", "reportHtmlUrl": "ui/links/application/toh-webpack-prod/report/8291a3269b214de2a90e100479b4ffb8", "embeddableReportHtmlUrl": "ui/links/application/toh-webpack-prod/report/8291a3269b214de2a90e100479b4ffb8/embeddable", "reportPdfUrl": "ui/links/application/toh-webpack-prod/report/8291a3269b214de2a90e100479b4ffb8/pdf", "reportDataUrl": "api/v2/applications/toh-webpack-prod/reports/8291a3269b214de2a90e100479b4ffb8/raw"}, {"stage": "build", "applicationId": "e519ea96c3fc43d6996248e117deee64", "evaluationDate": "2020-07-17T10:22:32.153+01:00", "latestReportHtmlUrl": "ui/links/application/nuget-pkg-core/latestReport/build", "reportHtmlUrl": "ui/links/application/nuget-pkg-core/report/53c4298d63934d89bd8ccdbaa5245f17", "embeddableReportHtmlUrl": "ui/links/application/nuget-pkg-core/report/53c4298d63934d89bd8ccdbaa5245f17/embeddable", "reportPdfUrl": "ui/links/application/nuget-pkg-core/report/53c4298d63934d89bd8ccdbaa5245f17/pdf", "reportDataUrl": "api/v2/applications/nuget-pkg-core/reports/53c4298d63934d89bd8ccdbaa5245f17/raw"}, {"stage": "build", "applicationId": "e540d464fa444f1488fa9defd7531549", "evaluationDate": "2020-06-19T20:54:21.169+01:00", "latestReportHtmlUrl": "ui/links/application/smproto10/latestReport/build", "reportHtmlUrl": "ui/links/application/smproto10/report/54ddf9a5e19b48f58898cb67489b8391", "embeddableReportHtmlUrl": "ui/links/application/smproto10/report/54ddf9a5e19b48f58898cb67489b8391/embeddable", "reportPdfUrl": "ui/links/application/smproto10/report/54ddf9a5e19b48f58898cb67489b8391/pdf", "reportDataUrl": "api/v2/applications/smproto10/reports/54ddf9a5e19b48f58898cb67489b8391/raw"}, {"stage": "build", "applicationId": "e69c0309a59d4f8fb96e5c47626e8f10", "evaluationDate": "2020-11-03T15:15:13.120Z", "latestReportHtmlUrl": "ui/links/application/boot/latestReport/build", "reportHtmlUrl": "ui/links/application/boot/report/b5310e1906fd45108c079c80b269f370", "embeddableReportHtmlUrl": "ui/links/application/boot/report/b5310e1906fd45108c079c80b269f370/embeddable", "reportPdfUrl": "ui/links/application/boot/report/b5310e1906fd45108c079c80b269f370/pdf", "reportDataUrl": "api/v2/applications/boot/reports/b5310e1906fd45108c079c80b269f370/raw"}, {"stage": "build", "applicationId": "e8a199a98077422eadda55f5321c79a2", "evaluationDate": "2020-11-04T09:29:09.023Z", "latestReportHtmlUrl": "ui/links/application/webgoat-lab2/latestReport/build", "reportHtmlUrl": "ui/links/application/webgoat-lab2/report/c5aafa9e139f4526a03f6e0ba891c6be", "embeddableReportHtmlUrl": "ui/links/application/webgoat-lab2/report/c5aafa9e139f4526a03f6e0ba891c6be/embeddable", "reportPdfUrl": "ui/links/application/webgoat-lab2/report/c5aafa9e139f4526a03f6e0ba891c6be/pdf", "reportDataUrl": "api/v2/applications/webgoat-lab2/reports/c5aafa9e139f4526a03f6e0ba891c6be/raw"}, {"stage": "build", "applicationId": "eede4dc6c1ec4d01a06384ead39bf141", "evaluationDate": "2020-10-20T14:50:27.288+01:00", "latestReportHtmlUrl": "ui/links/application/webgoat-w1/latestReport/build", "reportHtmlUrl": "ui/links/application/webgoat-w1/report/765c5ac58ca04b66b11309baacbeb75f", "embeddableReportHtmlUrl": "ui/links/application/webgoat-w1/report/765c5ac58ca04b66b11309baacbeb75f/embeddable", "reportPdfUrl": "ui/links/application/webgoat-w1/report/765c5ac58ca04b66b11309baacbeb75f/pdf", "reportDataUrl": "api/v2/applications/webgoat-w1/reports/765c5ac58ca04b66b11309baacbeb75f/raw"}, {"stage": "release", "applicationId": "f13437f401674ee0bafbee1daca1ef7a", "evaluationDate": "2020-11-20T00:01:09.049Z", "latestReportHtmlUrl": "ui/links/application/jdom/latestReport/release", "reportHtmlUrl": "ui/links/application/jdom/report/1173abd871ca4af2805f6040d02b5c7b", "embeddableReportHtmlUrl": "ui/links/application/jdom/report/1173abd871ca4af2805f6040d02b5c7b/embeddable", "reportPdfUrl": "ui/links/application/jdom/report/1173abd871ca4af2805f6040d02b5c7b/pdf", "reportDataUrl": "api/v2/applications/jdom/reports/1173abd871ca4af2805f6040d02b5c7b/raw"}, {"stage": "stage-release", "applicationId": "f13437f401674ee0bafbee1daca1ef7a", "evaluationDate": "2020-07-10T10:58:14.502+01:00", "latestReportHtmlUrl": "ui/links/application/jdom/latestReport/stage-release", "reportHtmlUrl": "ui/links/application/jdom/report/4d44e4038f934cbb99dc4cd080b08909", "embeddableReportHtmlUrl": "ui/links/application/jdom/report/4d44e4038f934cbb99dc4cd080b08909/embeddable", "reportPdfUrl": "ui/links/application/jdom/report/4d44e4038f934cbb99dc4cd080b08909/pdf", "reportDataUrl": "api/v2/applications/jdom/reports/4d44e4038f934cbb99dc4cd080b08909/raw"}, {"stage": "build", "applicationId": "f24962de70ee48a184fe237ffb0d856f", "evaluationDate": "2020-11-13T12:16:37.582Z", "latestReportHtmlUrl": "ui/links/application/awbg/latestReport/build", "reportHtmlUrl": "ui/links/application/awbg/report/e66f6b1db52a4c96ab4c513ca2ae8359", "embeddableReportHtmlUrl": "ui/links/application/awbg/report/e66f6b1db52a4c96ab4c513ca2ae8359/embeddable", "reportPdfUrl": "ui/links/application/awbg/report/e66f6b1db52a4c96ab4c513ca2ae8359/pdf", "reportDataUrl": "api/v2/applications/awbg/reports/e66f6b1db52a4c96ab4c513ca2ae8359/raw"}, {"stage": "build", "applicationId": "f5a04ba0b1f14e118d00997982c848fd", "evaluationDate": "2020-07-10T10:57:49.958+01:00", "latestReportHtmlUrl": "ui/links/application/spring-data/latestReport/build", "reportHtmlUrl": "ui/links/application/spring-data/report/0c4e78a9443d4120bc7f33931b123b01", "embeddableReportHtmlUrl": "ui/links/application/spring-data/report/0c4e78a9443d4120bc7f33931b123b01/embeddable", "reportPdfUrl": "ui/links/application/spring-data/report/0c4e78a9443d4120bc7f33931b123b01/pdf", "reportDataUrl": "api/v2/applications/spring-data/reports/0c4e78a9443d4120bc7f33931b123b01/raw"}, {"stage": "build", "applicationId": "f60eb00320314578baa1289b8037e20d", "evaluationDate": "2020-10-15T10:25:12.088+01:00", "latestReportHtmlUrl": "ui/links/application/ubuntu-pkg/latestReport/build", "reportHtmlUrl": "ui/links/application/ubuntu-pkg/report/877bba9aba8c4475849598d46731f964", "embeddableReportHtmlUrl": "ui/links/application/ubuntu-pkg/report/877bba9aba8c4475849598d46731f964/embeddable", "reportPdfUrl": "ui/links/application/ubuntu-pkg/report/877bba9aba8c4475849598d46731f964/pdf", "reportDataUrl": "api/v2/applications/ubuntu-pkg/reports/877bba9aba8c4475849598d46731f964/raw"}, {"stage": "build", "applicationId": "f61c3c3fe6824772b73d2428c02c4478", "evaluationDate": "2020-10-29T11:21:01.687Z", "latestReportHtmlUrl": "ui/links/application/rlang/latestReport/build", "reportHtmlUrl": "ui/links/application/rlang/report/341be6676b724c71b86ae9b1986701d0", "embeddableReportHtmlUrl": "ui/links/application/rlang/report/341be6676b724c71b86ae9b1986701d0/embeddable", "reportPdfUrl": "ui/links/application/rlang/report/341be6676b724c71b86ae9b1986701d0/pdf", "reportDataUrl": "api/v2/applications/rlang/reports/341be6676b724c71b86ae9b1986701d0/raw"}, {"stage": "build", "applicationId": "f787a6428aaf4c57a751101d049f8b27", "evaluationDate": "2020-06-26T10:03:46.151+01:00", "latestReportHtmlUrl": "ui/links/application/angu/latestReport/build", "reportHtmlUrl": "ui/links/application/angu/report/dbf9c2d556f54662a3f58dceead7af15", "embeddableReportHtmlUrl": "ui/links/application/angu/report/dbf9c2d556f54662a3f58dceead7af15/embeddable", "reportPdfUrl": "ui/links/application/angu/report/dbf9c2d556f54662a3f58dceead7af15/pdf", "reportDataUrl": "api/v2/applications/angu/reports/dbf9c2d556f54662a3f58dceead7af15/raw"}, {"stage": "build", "applicationId": "f94f0d15c6b242fbac2e8b2989b43764", "evaluationDate": "2020-09-11T17:15:13.777+01:00", "latestReportHtmlUrl": "ui/links/application/webgoat/latestReport/build", "reportHtmlUrl": "ui/links/application/webgoat/report/44cf1b9d2363480890fe1015c01b5d9e", "embeddableReportHtmlUrl": "ui/links/application/webgoat/report/44cf1b9d2363480890fe1015c01b5d9e/embeddable", "reportPdfUrl": "ui/links/application/webgoat/report/44cf1b9d2363480890fe1015c01b5d9e/pdf", "reportDataUrl": "api/v2/applications/webgoat/reports/44cf1b9d2363480890fe1015c01b5d9e/raw"}, {"stage": "build", "applicationId": "fb2a0b76b38b49368adde1cd9f886461", "evaluationDate": "2020-07-16T10:01:11.416+01:00", "latestReportHtmlUrl": "ui/links/application/ang-app/latestReport/build", "reportHtmlUrl": "ui/links/application/ang-app/report/f9b6da3e47c54779850fa778edd633f4", "embeddableReportHtmlUrl": "ui/links/application/ang-app/report/f9b6da3e47c54779850fa778edd633f4/embeddable", "reportPdfUrl": "ui/links/application/ang-app/report/f9b6da3e47c54779850fa778edd633f4/pdf", "reportDataUrl": "api/v2/applications/ang-app/reports/f9b6da3e47c54779850fa778edd633f4/raw"}, {"stage": "build", "applicationId": "fe5144c8860f407b95bf18bdacb1106f", "evaluationDate": "2020-10-09T12:57:39.336+01:00", "latestReportHtmlUrl": "ui/links/application/safenuget/latestReport/build", "reportHtmlUrl": "ui/links/application/safenuget/report/cd5b7a977f974e3d8c5f4b40918c3bb3", "embeddableReportHtmlUrl": "ui/links/application/safenuget/report/cd5b7a977f974e3d8c5f4b40918c3bb3/embeddable", "reportPdfUrl": "ui/links/application/safenuget/report/cd5b7a977f974e3d8c5f4b40918c3bb3/pdf", "reportDataUrl": "api/v2/applications/safenuget/reports/cd5b7a977f974e3d8c5f4b40918c3bb3/raw"}, {"stage": "build", "applicationId": "fef1e4b6678340f9b175ff7c3d9e0865", "evaluationDate": "2020-06-19T20:51:12.377+01:00", "latestReportHtmlUrl": "ui/links/application/webgoatLegacy/latestReport/build", "reportHtmlUrl": "ui/links/application/webgoatLegacy/report/09f0157c0bae4886aa92fb8b40254174", "embeddableReportHtmlUrl": "ui/links/application/webgoatLegacy/report/09f0157c0bae4886aa92fb8b40254174/embeddable", "reportPdfUrl": "ui/links/application/webgoatLegacy/report/09f0157c0bae4886aa92fb8b40254174/pdf", "reportDataUrl": "api/v2/applications/webgoatLegacy/reports/09f0157c0bae4886aa92fb8b40254174/raw"}, {"stage": "build", "applicationId": "fffa38dc12de475bbc13f1d990b4e15f", "evaluationDate": "2020-07-20T11:26:06.179+01:00", "latestReportHtmlUrl": "ui/links/application/basic-ops/latestReport/build", "reportHtmlUrl": "ui/links/application/basic-ops/report/37efc71d09534657b21ed1dd921b2038", "embeddableReportHtmlUrl": "ui/links/application/basic-ops/report/37efc71d09534657b21ed1dd921b2038/embeddable", "reportPdfUrl": "ui/links/application/basic-ops/report/37efc71d09534657b21ed1dd921b2038/pdf", "reportDataUrl": "api/v2/applications/basic-ops/reports/37efc71d09534657b21ed1dd921b2038/raw"}]