{
    "applicationWaivers": [
        {
            "application": {
                "id": "7d83baaa6c064fe4a9a71b9e5f5d20a6",
                "publicId": "mizuho-webapp",
                "name": "mizuho-webapp",
                "organizationId": "0501087cfad24d32bcf0d2ab59bfeb9c",
                "contactUserName": null
            },
            "stages": [
                {
                    "stageId": "build",
                    "componentPolicyViolations": [
                        {
                            "component": {
                                "packageUrl": "pkg:maven/ch.qos.logback/logback-classic@1.0.3?type=jar",
                                "hash": "1006f5c9da21d7c68a41",
                                "componentIdentifier": {
                                    "format": "maven",
                                    "coordinates": {
                                        "artifactId": "logback-classic",
                                        "classifier": "",
                                        "extension": "jar",
                                        "groupId": "ch.qos.logback",
                                        "version": "1.0.3"
                                    }
                                },
                                "displayName": "ch.qos.logback : logback-classic : 1.0.3"
                            },
                            "waivedPolicyViolations": [
                                {
                                    "policyId": "d0a8e33c10424df5a32201982279a73d",
                                    "policyName": "Security-Critical",
                                    "policyViolationId": "a8fdf68030e749e8aa9d24e2c5ee5872",
                                    "threatLevel": 10,
                                    "constraintViolations": [
                                        {
                                            "constraintId": "65a49c9df6044c55888e4f8439d37a83",
                                            "constraintName": "Critical risk CVSS score",
                                            "reasons": [
                                                {
                                                    "reason": "Found security vulnerability CVE-2017-5929 with severity >= 9 (severity = 9.8)",
                                                    "reference": {
                                                        "type": "SECURITY_VULNERABILITY_REFID",
                                                        "value": "CVE-2017-5929"
                                                    }
                                                }
                                            ]
                                        }
                                    ],
                                    "policyWaiver": {
                                        "policyWaiverId": "e1bfe18a0d4b405186f55a29ad3b287d",
                                        "comment": "",
                                        "createTime": "2021-02-06T23:32:15.835+0000",
                                        "isObsolete": false,
                                        "scopeOwnerType": "application",
                                        "scopeOwnerId": "7d83baaa6c064fe4a9a71b9e5f5d20a6",
                                        "scopeOwnerName": "mizuho-webapp",
                                        "hash": "1006f5c9da21d7c68a41",
                                        "policyId": "d0a8e33c10424df5a32201982279a73d"
                                    }
                                }
                            ]
                        },
                        {
                            "component": {
                                "packageUrl": "pkg:maven/apache-collections/commons-collections@3.1?type=jar",
                                "hash": "40fb048097caeacdb11d",
                                "componentIdentifier": {
                                    "format": "maven",
                                    "coordinates": {
                                        "artifactId": "commons-collections",
                                        "classifier": "",
                                        "extension": "jar",
                                        "groupId": "apache-collections",
                                        "version": "3.1"
                                    }
                                },
                                "displayName": "apache-collections : commons-collections : 3.1"
                            },
                            "waivedPolicyViolations": [
                                {
                                    "policyId": "d0a8e33c10424df5a32201982279a73d",
                                    "policyName": "Security-Critical",
                                    "policyViolationId": "b3f49e0c21d44dcdb8a5ad2e4dd31dbd",
                                    "threatLevel": 10,
                                    "constraintViolations": [
                                        {
                                            "constraintId": "65a49c9df6044c55888e4f8439d37a83",
                                            "constraintName": "Critical risk CVSS score",
                                            "reasons": [
                                                {
                                                    "reason": "Found security vulnerability sonatype-2015-0002 with severity >= 9 (severity = 9.0)",
                                                    "reference": {
                                                        "type": "SECURITY_VULNERABILITY_REFID",
                                                        "value": "sonatype-2015-0002"
                                                    }
                                                }
                                            ]
                                        }
                                    ],
                                    "policyWaiver": {
                                        "policyWaiverId": "cd77ccb9335b4289ab3f73b7d4154231",
                                        "comment": "",
                                        "createTime": "2021-02-06T23:31:56.284+0000",
                                        "isObsolete": false,
                                        "scopeOwnerType": "application",
                                        "scopeOwnerId": "7d83baaa6c064fe4a9a71b9e5f5d20a6",
                                        "scopeOwnerName": "mizuho-webapp",
                                        "hash": "40fb048097caeacdb11d",
                                        "policyId": "d0a8e33c10424df5a32201982279a73d"
                                    }
                                }
                            ]
                        }
                    ]
                }
            ]
        }
    ],
    "repositoryWaivers": []
}