{"componentsInQuarantine": [{"repository": {"repositoryId": "b635d81e1db948fb9515b14ff0ca01b6", "publicId": "maven-central", "format": "maven2"}, "components": [{"component": {"packageUrl": "pkg:maven/org.apache.httpcomponents/httpclient@4.3.2?type=jar", "hash": "10a45d03873baa34436a", "componentIdentifier": {"format": "maven", "coordinates": {"artifactId": "httpclient", "classifier": "", "extension": "jar", "groupId": "org.apache.httpcomponents", "version": "4.3.2"}}, "displayName": "org.apache.httpcomponents : httpclient : 4.3.2", "quarantineId": "6989ef5befcf4a07a2f127993b75353d", "quarantineTime": "2020-08-10T18:51:07.419+0000"}, "policyViolations": [{"policyId": "eb11c7f7ff39421a8b3b9f5900451add", "policyName": "Security-High", "policyViolationId": "9e9766998a5342be9b0fc6b76936acd7", "threatLevel": 9, "constraintViolations": [{"constraintId": "a8e4bd9dbd994814af054d3a957472df", "constraintName": "High risk CVSS score", "reasons": [{"reason": "Found security vulnerability sonatype-2017-0359 with severity >= 7 (severity = 7.5)", "reference": {"type": "SECURITY_VULNERABILITY_REFID", "value": "sonatype-2017-0359"}}, {"reason": "Found security vulnerability sonatype-2017-0359 with severity < 9 (severity = 7.5)", "reference": {"type": "SECURITY_VULNERABILITY_REFID", "value": "sonatype-2017-0359"}}]}]}]}, {"component": {"packageUrl": "pkg:maven/org.bouncycastle/bcprov-jdk16@1.46?type=jar", "hash": "ce091790943599535cbb", "componentIdentifier": {"format": "maven", "coordinates": {"artifactId": "bcprov-jdk16", "classifier": "", "extension": "jar", "groupId": "org.bouncycastle", "version": "1.46"}}, "displayName": "org.bouncycastle : bcprov-jdk16 : 1.46", "quarantineId": "fa42f3a38dec47bca52feefb54ccf380", "quarantineTime": "2020-08-10T18:51:07.796+0000"}, "policyViolations": [{"policyId": "a9b454f38de44603bcf0abba76d23b2a", "policyName": "Security-Critical", "policyViolationId": "ffe8793122da409faa04cb4644f7eb42", "threatLevel": 10, "constraintViolations": [{"constraintId": "65a43e7a7e0548d8b2fa94153c192a53", "constraintName": "Critical risk CVSS score", "reasons": [{"reason": "Found security vulnerability CVE-2018-5382 with severity >= 9 (severity = 9.8)", "reference": {"type": "SECURITY_VULNERABILITY_REFID", "value": "CVE-2018-5382"}}]}]}, {"policyId": "eb11c7f7ff39421a8b3b9f5900451add", "policyName": "Security-High", "policyViolationId": "183f36e03c254d03b4414a4bfb083643", "threatLevel": 9, "constraintViolations": [{"constraintId": "a8e4bd9dbd994814af054d3a957472df", "constraintName": "High risk CVSS score", "reasons": [{"reason": "Found security vulnerability CVE-2016-1000338 with severity >= 7 (severity = 7.5)", "reference": {"type": "SECURITY_VULNERABILITY_REFID", "value": "CVE-2016-1000338"}}, {"reason": "Found security vulnerability CVE-2016-1000338 with severity < 9 (severity = 7.5)", "reference": {"type": "SECURITY_VULNERABILITY_REFID", "value": "CVE-2016-1000338"}}]}]}, {"policyId": "eb11c7f7ff39421a8b3b9f5900451add", "policyName": "Security-High", "policyViolationId": "0fb503f66e204d58887c9ac3a4284623", "threatLevel": 9, "constraintViolations": [{"constraintId": "a8e4bd9dbd994814af054d3a957472df", "constraintName": "High risk CVSS score", "reasons": [{"reason": "Found security vulnerability CVE-2016-1000343 with severity >= 7 (severity = 7.5)", "reference": {"type": "SECURITY_VULNERABILITY_REFID", "value": "CVE-2016-1000343"}}, {"reason": "Found security vulnerability CVE-2016-1000343 with severity < 9 (severity = 7.5)", "reference": {"type": "SECURITY_VULNERABILITY_REFID", "value": "CVE-2016-1000343"}}]}]}, {"policyId": "eb11c7f7ff39421a8b3b9f5900451add", "policyName": "Security-High", "policyViolationId": "80280ab736c8478b9e24d32df3fb8301", "threatLevel": 9, "constraintViolations": [{"constraintId": "a8e4bd9dbd994814af054d3a957472df", "constraintName": "High risk CVSS score", "reasons": [{"reason": "Found security vulnerability CVE-2018-1000180 with severity >= 7 (severity = 7.5)", "reference": {"type": "SECURITY_VULNERABILITY_REFID", "value": "CVE-2018-1000180"}}, {"reason": "Found security vulnerability CVE-2018-1000180 with severity < 9 (severity = 7.5)", "reference": {"type": "SECURITY_VULNERABILITY_REFID", "value": "CVE-2018-1000180"}}]}]}, {"policyId": "eb11c7f7ff39421a8b3b9f5900451add", "policyName": "Security-High", "policyViolationId": "21d804c2938c4f36be325cd496a1a69c", "threatLevel": 9, "constraintViolations": [{"constraintId": "a8e4bd9dbd994814af054d3a957472df", "constraintName": "High risk CVSS score", "reasons": [{"reason": "Found security vulnerability CVE-2019-17359 with severity >= 7 (severity = 7.5)", "reference": {"type": "SECURITY_VULNERABILITY_REFID", "value": "CVE-2019-17359"}}, {"reason": "Found security vulnerability CVE-2019-17359 with severity < 9 (severity = 7.5)", "reference": {"type": "SECURITY_VULNERABILITY_REFID", "value": "CVE-2019-17359"}}]}]}]}, {"component": {"packageUrl": "pkg:maven/org.apache.activemq/artemis-commons@2.3.0?type=jar", "hash": "b082195a1afa78983576", "componentIdentifier": {"format": "maven", "coordinates": {"artifactId": "artemis-commons", "classifier": "", "extension": "jar", "groupId": "org.apache.activemq", "version": "2.3.0"}}, "displayName": "org.apache.activemq : artemis-commons : 2.3.0", "quarantineId": "b58ae58aa04546bcad9b1bfff91a4fc9", "quarantineTime": "2020-08-10T18:51:09.962+0000"}, "policyViolations": [{"policyId": "eb11c7f7ff39421a8b3b9f5900451add", "policyName": "Security-High", "policyViolationId": "a058301211324e1982ea9ad19548e3b6", "threatLevel": 9, "constraintViolations": [{"constraintId": "a8e4bd9dbd994814af054d3a957472df", "constraintName": "High risk CVSS score", "reasons": [{"reason": "Found security vulnerability CVE-2017-12174 with severity >= 7 (severity = 7.5)", "reference": {"type": "SECURITY_VULNERABILITY_REFID", "value": "CVE-2017-12174"}}, {"reason": "Found security vulnerability CVE-2017-12174 with severity < 9 (severity = 7.5)", "reference": {"type": "SECURITY_VULNERABILITY_REFID", "value": "CVE-2017-12174"}}]}]}]}, {"component": {"packageUrl": "pkg:maven/io.netty/netty-codec@4.1.16.Final?type=jar", "hash": "d84a1f21768b7309c295", "componentIdentifier": {"format": "maven", "coordinates": {"artifactId": "netty-codec", "classifier": "", "extension": "jar", "groupId": "io.netty", "version": "4.1.16.Final"}}, "displayName": "io.netty : netty-codec : 4.1.16.Final", "quarantineId": "2b2eb3f22d264109bf2e671b80c37cf9", "quarantineTime": "2020-08-10T18:51:13.726+0000"}, "policyViolations": [{"policyId": "eb11c7f7ff39421a8b3b9f5900451add", "policyName": "Security-High", "policyViolationId": "0ca289ede9ed4dacb0bf17918adea943", "threatLevel": 9, "constraintViolations": [{"constraintId": "a8e4bd9dbd994814af054d3a957472df", "constraintName": "High risk CVSS score", "reasons": [{"reason": "Found security vulnerability sonatype-2020-0029 with severity >= 7 (severity = 7.5)", "reference": {"type": "SECURITY_VULNERABILITY_REFID", "value": "sonatype-2020-0029"}}, {"reason": "Found security vulnerability sonatype-2020-0029 with severity < 9 (severity = 7.5)", "reference": {"type": "SECURITY_VULNERABILITY_REFID", "value": "sonatype-2020-0029"}}]}]}]}, {"component": {"packageUrl": "pkg:maven/org.springframework/spring-web@5.0.8.RELEASE?type=jar", "hash": "fa43cdadb4ab2491fd1d", "componentIdentifier": {"format": "maven", "coordinates": {"artifactId": "spring-web", "classifier": "", "extension": "jar", "groupId": "org.springframework", "version": "5.0.8.RELEASE"}}, "displayName": "org.springframework : spring-web : 5.0.8.RELEASE", "quarantineId": "37df15b6c0ca46c693fdd2369840bcd3", "quarantineTime": "2020-08-10T18:51:15.137+0000"}, "policyViolations": [{"policyId": "a9b454f38de44603bcf0abba76d23b2a", "policyName": "Security-Critical", "policyViolationId": "e96a3788e7a643079782be66969262f8", "threatLevel": 10, "constraintViolations": [{"constraintId": "65a43e7a7e0548d8b2fa94153c192a53", "constraintName": "Critical risk CVSS score", "reasons": [{"reason": "Found security vulnerability CVE-2016-1000027 with severity >= 9 (severity = 9.8)", "reference": {"type": "SECURITY_VULNERABILITY_REFID", "value": "CVE-2016-1000027"}}]}]}, {"policyId": "eb11c7f7ff39421a8b3b9f5900451add", "policyName": "Security-High", "policyViolationId": "6dedb194c66b4011aa9fcf70a78d978f", "threatLevel": 9, "constraintViolations": [{"constraintId": "a8e4bd9dbd994814af054d3a957472df", "constraintName": "High risk CVSS score", "reasons": [{"reason": "Found security vulnerability CVE-2018-15756 with severity >= 7 (severity = 7.5)", "reference": {"type": "SECURITY_VULNERABILITY_REFID", "value": "CVE-2018-15756"}}, {"reason": "Found security vulnerability CVE-2018-15756 with severity < 9 (severity = 7.5)", "reference": {"type": "SECURITY_VULNERABILITY_REFID", "value": "CVE-2018-15756"}}]}]}, {"policyId": "eb11c7f7ff39421a8b3b9f5900451add", "policyName": "Security-High", "policyViolationId": "6734fd5d2c9a42009a8e231a2ed9af75", "threatLevel": 9, "constraintViolations": [{"constraintId": "a8e4bd9dbd994814af054d3a957472df", "constraintName": "High risk CVSS score", "reasons": [{"reason": "Found security vulnerability CVE-2020-5398 with severity >= 7 (severity = 7.5)", "reference": {"type": "SECURITY_VULNERABILITY_REFID", "value": "CVE-2020-5398"}}, {"reason": "Found security vulnerability CVE-2020-5398 with severity < 9 (severity = 7.5)", "reference": {"type": "SECURITY_VULNERABILITY_REFID", "value": "CVE-2020-5398"}}]}]}]}, {"component": {"packageUrl": "pkg:maven/org.apache.commons/commons-configuration2@2.4?type=jar", "hash": "208279841cb092e0f51f", "componentIdentifier": {"format": "maven", "coordinates": {"artifactId": "commons-configuration2", "classifier": "", "extension": "jar", "groupId": "org.apache.commons", "version": "2.4"}}, "displayName": "org.apache.commons : commons-configuration2 : 2.4", "quarantineId": "a6759d4b97874a2197c17817679e1142", "quarantineTime": "2020-08-10T18:51:21.908+0000"}, "policyViolations": [{"policyId": "a9b454f38de44603bcf0abba76d23b2a", "policyName": "Security-Critical", "policyViolationId": "1185a5baa7604093ba5df0f90f76390f", "threatLevel": 10, "constraintViolations": [{"constraintId": "65a43e7a7e0548d8b2fa94153c192a53", "constraintName": "Critical risk CVSS score", "reasons": [{"reason": "Found security vulnerability CVE-2020-1953 with severity >= 9 (severity = 10.0)", "reference": {"type": "SECURITY_VULNERABILITY_REFID", "value": "CVE-2020-1953"}}]}]}]}, {"component": {"packageUrl": "pkg:maven/org.springframework/spring-webmvc@3.2.4.RELEASE?type=jar", "hash": "99c0303b36c421b3c43d", "componentIdentifier": {"format": "maven", "coordinates": {"artifactId": "spring-webmvc", "classifier": "", "extension": "jar", "groupId": "org.springframework", "version": "3.2.4.RELEASE"}}, "displayName": "org.springframework : spring-webmvc : 3.2.4.RELEASE", "quarantineId": "2fd8300697b8448983dd959e7f535f24", "quarantineTime": "2020-08-10T18:51:32.153+0000"}, "policyViolations": [{"policyId": "eb11c7f7ff39421a8b3b9f5900451add", "policyName": "Security-High", "policyViolationId": "9060210bdbbc49a2ae7931b906c65e57", "threatLevel": 9, "constraintViolations": [{"constraintId": "a8e4bd9dbd994814af054d3a957472df", "constraintName": "High risk CVSS score", "reasons": [{"reason": "Found security vulnerability CVE-2015-5211 with severity >= 7 (severity = 8.6)", "reference": {"type": "SECURITY_VULNERABILITY_REFID", "value": "CVE-2015-5211"}}, {"reason": "Found security vulnerability CVE-2015-5211 with severity < 9 (severity = 8.6)", "reference": {"type": "SECURITY_VULNERABILITY_REFID", "value": "CVE-2015-5211"}}]}]}, {"policyId": "eb11c7f7ff39421a8b3b9f5900451add", "policyName": "Security-High", "policyViolationId": "ef0b83398d1841dab229ac9b72b8cf45", "threatLevel": 9, "constraintViolations": [{"constraintId": "a8e4bd9dbd994814af054d3a957472df", "constraintName": "High risk CVSS score", "reasons": [{"reason": "Found security vulnerability CVE-2016-9878 with severity >= 7 (severity = 7.5)", "reference": {"type": "SECURITY_VULNERABILITY_REFID", "value": "CVE-2016-9878"}}, {"reason": "Found security vulnerability CVE-2016-9878 with severity < 9 (severity = 7.5)", "reference": {"type": "SECURITY_VULNERABILITY_REFID", "value": "CVE-2016-9878"}}]}]}]}, {"component": {"packageUrl": "pkg:maven/org.springframework/spring-expression@3.2.4.RELEASE?type=jar", "hash": "edde2efe828f5890f57a", "componentIdentifier": {"format": "maven", "coordinates": {"artifactId": "spring-expression", "classifier": "", "extension": "jar", "groupId": "org.springframework", "version": "3.2.4.RELEASE"}}, "displayName": "org.springframework : spring-expression : 3.2.4.RELEASE", "quarantineId": "f79c09f8ca694ac1b845d90c2482a6b8", "quarantineTime": "2020-08-10T18:51:32.312+0000"}, "policyViolations": [{"policyId": "a9b454f38de44603bcf0abba76d23b2a", "policyName": "Security-Critical", "policyViolationId": "1134a3b816d3454b98bf7d341565e0a9", "threatLevel": 10, "constraintViolations": [{"constraintId": "65a43e7a7e0548d8b2fa94153c192a53", "constraintName": "Critical risk CVSS score", "reasons": [{"reason": "Found security vulnerability CVE-2018-1270 with severity >= 9 (severity = 9.8)", "reference": {"type": "SECURITY_VULNERABILITY_REFID", "value": "CVE-2018-1270"}}]}]}]}, {"component": {"packageUrl": "pkg:maven/io.netty/netty-codec-http@4.1.16.Final?type=jar", "hash": "d64312378b438dfdad84", "componentIdentifier": {"format": "maven", "coordinates": {"artifactId": "netty-codec-http", "classifier": "", "extension": "jar", "groupId": "io.netty", "version": "4.1.16.Final"}}, "displayName": "io.netty : netty-codec-http : 4.1.16.Final", "quarantineId": "a4f7920ab0ca403486436018679dd057", "quarantineTime": "2020-08-10T18:51:14.192+0000"}, "policyViolations": [{"policyId": "a9b454f38de44603bcf0abba76d23b2a", "policyName": "Security-Critical", "policyViolationId": "322e89b748364cb99cfb53e526fff1d0", "threatLevel": 10, "constraintViolations": [{"constraintId": "65a43e7a7e0548d8b2fa94153c192a53", "constraintName": "Critical risk CVSS score", "reasons": [{"reason": "Found security vulnerability CVE-2019-20445 with severity >= 9 (severity = 9.1)", "reference": {"type": "SECURITY_VULNERABILITY_REFID", "value": "CVE-2019-20445"}}]}]}, {"policyId": "eb11c7f7ff39421a8b3b9f5900451add", "policyName": "Security-High", "policyViolationId": "b15c9898d24846f69f089095b84de2d4", "threatLevel": 9, "constraintViolations": [{"constraintId": "a8e4bd9dbd994814af054d3a957472df", "constraintName": "High risk CVSS score", "reasons": [{"reason": "Found security vulnerability CVE-2019-16869 with severity >= 7 (severity = 7.5)", "reference": {"type": "SECURITY_VULNERABILITY_REFID", "value": "CVE-2019-16869"}}, {"reason": "Found security vulnerability CVE-2019-16869 with severity < 9 (severity = 7.5)", "reference": {"type": "SECURITY_VULNERABILITY_REFID", "value": "CVE-2019-16869"}}]}]}, {"policyId": "eb11c7f7ff39421a8b3b9f5900451add", "policyName": "Security-High", "policyViolationId": "d15b74e75c594373b7fa077d7c5fb4d7", "threatLevel": 9, "constraintViolations": [{"constraintId": "a8e4bd9dbd994814af054d3a957472df", "constraintName": "High risk CVSS score", "reasons": [{"reason": "Found security vulnerability CVE-2020-7238 with severity >= 7 (severity = 7.5)", "reference": {"type": "SECURITY_VULNERABILITY_REFID", "value": "CVE-2020-7238"}}, {"reason": "Found security vulnerability CVE-2020-7238 with severity < 9 (severity = 7.5)", "reference": {"type": "SECURITY_VULNERABILITY_REFID", "value": "CVE-2020-7238"}}]}]}]}]}]}